feature,na_percent,variance,selected_cleanup,laplacian_score,selected_laplacian
AAK1,,,,0.0007447703427696945,True
AATK,,,,0.020874881798789435,False
ABCA3,,,,0.005007002964802174,True
ABCC3,,,,0.00935182556959725,True
ABCC4,,,,0.0024272768344829497,True
ABI1,,,,0.02749831250377399,False
ABL1,,,,0.016571282292419727,False
ABL2,,,,0.010182544859733583,True
ACACA,,,,0.004802029854800856,True
ACACB,,,,0.001122077726996587,True
ACOXL,,,,0.009606959537217375,True
ACSL6,,,,0.011235270060244456,False
ACVR1,,,,0.028467466035477246,False
ACVR1B,,,,0.01303022246637473,False
ACVR1C,,,,0.029283875638030976,False
ACVR2A,,,,0.015565728067571909,False
ACVR2B,,,,0.020131502062428117,False
ACVRL1,,,,0.011228981191839151,False
ADAM10,,,,0.01868144604232737,False
ADAM12,,,,0.002239030266039885,True
ADAM17,,,,0.019492239500192875,False
ADAM18,,,,0.02037053198517013,False
ADAM22,,,,0.02130544871106246,False
ADAM28,,,,0.013328906980835598,False
ADAM29,,,,0.008686479305884651,True
ADAM32,,,,0.02470431332338678,False
ADAMTS18,,,,0.00025252210344209265,True
ADAMTS19,,,,0.009996760755245807,True
ADAMTS2,,,,0.011015359254964257,False
ADAMTS20,,,,0.008163363620182234,True
ADAMTSL3,,,,-0.0003885203601009526,True
ADARB2,,,,0.036874627980694394,False
ADCK1,,,,0.022476994480886567,False
ADCK2,,,,0.03671944052196247,False
ADCK4,,,,0.004989604636640348,True
ADCK5,,,,0.015772143583256803,False
ADHFE1,,,,0.024472035343106102,False
ADK,,,,0.02523876767921817,False
ADRBK1,,,,0.012133203362240335,False
ADRBK2,,,,0.022894710653041352,False
AFF1,,,,0.025131007467723444,False
AFF3,,,,0.007053638074877955,True
AFF4,,,,0.008792027478002661,True
AGAP2,,,,0.013685667176466958,False
AIFM1,,,,0.03645497517561175,False
AIFM3,,,,0.03855522036198437,False
AIM1,,,,0.01403000034992212,False
AKAP12,,,,-0.010763703082158604,True
AKAP4,,,,0.023191959079089976,False
AKAP6,,,,-0.0005194842404943724,True
AKAP9,,,,0.007133226826162323,True
AKT1,,,,0.015979900080081988,False
AKT2,1.0,,False,0.01593351658200208,False
AKT3,,,,0.033706606997198234,False
ALDH7A1,,,,0.03611128652181802,False
ALK,0.0,0.0042312608436076305,True,0.017382116535113627,False
ALPK1,,,,0.01914664079099681,False
ALPK2,,,,0.011020944899621066,False
ALPK3,,,,0.02428286662593853,False
ALS2,,,,0.0025319576085716528,True
AMHR2,,,,0.0013880610588830567,True
AMZ2,,,,0.04769361835771312,False
ANAPC5,,,,0.010243430498366072,True
ANGPTL4,,,,0.020383736107896348,False
ANKK1,,,,0.01768757689193563,False
APAF1,,,,0.03508497485957465,False
APBB1IP,,,,0.020043742649682134,False
APC,0.0,0.04584266601488154,True,0.003469110621155013,True
AR,,,,0.010612541473228461,True
ARAF,,,,0.016470330101779944,False
ARFGEF1,,,,0.01904420643115125,False
ARHGAP26,,,,0.00875738555391714,True
ARHGAP29,,,,0.01850715267343401,False
ARHGDIB,,,,0.03124880154398566,False
ARHGEF10,,,,0.005031351910905743,True
ARHGEF12,,,,0.016455160487112576,False
ARHGEF7,,,,0.0223163083639089,False
ARID1A,,,,0.005684806804840324,True
ARNT,,,,0.018588881916712836,False
ASH2L,,,,0.04388570049326102,False
ASPH,,,,0.012961854802356154,False
ASPSCR1,,,,0.013996107450283927,False
ASTN1,,,,0.01049557804931537,True
ATF1,,,,0.03365218608401886,False
ATF2,,,,0.011829547627707876,False
ATIC,,,,0.021939921609624432,False
ATM,,,,0.003836683439011058,True
ATP10A,,,,0.009372852394746198,True
ATP11A,,,,0.013881539580464125,False
ATP13A5,,,,0.010069126019796367,True
ATP5S,,,,4.323798432752038e-06,True
ATP8B1,,,,0.013350686819070846,False
ATR,,,,0.008988261006446415,True
ATRX,,,,0.013831705171584089,False
AURKA,,,,0.0009526202434866582,True
AURKB,,,,0.0371188397668545,False
AURKC,,,,0.03925873036143224,False
AXIN1,,,,0.024413125541795665,False
AXIN2,,,,0.021722561278432598,False
AXL,,,,0.009640427988021002,True
B3GALT6,,,,0.02907292140536605,False
BAD,,,,0.06699310519730664,False
BAG4,,,,0.01530664588512861,False
BAI1,,,,0.013446456971678681,False
BAI3,,,,0.011684938407444133,False
BAK1,,,,0.0002750453845282124,True
BAP1,,,,0.010464193489894571,True
BAT3,,,,0.008181326761559537,True
BAX,,,,0.023621154529526504,False
BCAR1,,,,0.04392286957741837,False
BCKDK,,,,0.027326054958423218,False
BCL10,,,,0.02947564908575703,False
BCL11A,,,,0.007355578946711604,True
BCL11B,,,,0.008581462820855977,True
BCL2,,,,2.1563146198490454e-05,True
BCL2A1,,,,0.1004144163666735,False
BCL2L1,,,,0.026966584542173315,False
BCL2L11,,,,0.03717072140856238,False
BCL2L2,,,,4.226187985423188e-06,True
BCL3,,,,0.03143181973593512,False
BCL6,,,,0.0127969489750675,False
BCL7A,,,,8.590752313811239e-06,True
BCL9,,,,0.012881715411747817,False
BCR,,,,0.022861035898270425,False
BGLAP,,,,4.3237984327520435e-06,True
BID,,,,0.0002699134199893548,True
BIK,,,,0.02863814084999793,False
BIRC2,,,,0.014431816596219267,False
BIRC3,,,,0.022023948118743045,False
BIRC5,,,,0.04061647145215351,False
BIRC6,,,,0.014325702679678066,False
BLK,,,,0.02019951019753255,False
BLM,,,,0.006785799954083655,True
BLNK,,,,0.03831155316897336,False
BMF,,,,0.045065753440893225,False
BMI1,,,,0.017239250937391017,False
BMP2K,,,,0.02200494323876504,False
BMP4,,,,0.04254567556031922,False
BMPR1A,,,,0.014383059763568918,False
BMPR1B,,,,0.035374649400853414,False
BMPR2,,,,0.014272441022162108,False
BMX,,,,0.0027475133107500984,True
BNIP3,,,,0.06716161939180204,False
BOK,,,,4.3237984327520435e-06,True
BRAF,0.0,0.0801174815984229,True,0.005131264186722213,True
BRCA1,0.0,0.0028248474382039576,True,0.015426821356008256,False
BRCA2,0.0,0.008426459805025422,True,0.007287152418243691,True
BRCC3,,,,0.0403854474330266,False
BRD2,,,,0.021170786717698085,False
BRD3,,,,0.025305885595601967,False
BRD4,,,,0.0218835999264274,False
BRDT,,,,0.01824129122430372,False
BRF2,,,,0.13349883165340906,False
BRIP1,,,,0.003590127677301597,True
BRSK1,,,,0.03527092625806261,False
BRSK2,,,,0.026803205678020425,False
BTG1,,,,0.03358798504035857,False
BTK,,,,0.030837961193260106,False
BTRC,,,,0.03174686192080744,False
BUB1,,,,0.01630011225488655,False
BUB1B,,,,0.021952678088337913,False
C15orf2,,,,0.006455762437145486,True
C15orf55,,,,0.02205408114580984,False
C17orf37,,,,0.1002073864150022,False
C6orf97,,,,0.03201216741921834,False
C9orf96,,,,0.026929880663425963,False
CABC1,,,,0.019285368427833374,False
CACNA1F,,,,0.014866310645143974,False
CACNB2,,,,0.017208765855720728,False
CAD,,,,0.011672028234244729,False
CAMK1,,,,0.017343827412652047,False
CAMK1D,,,,0.03137200799242312,False
CAMK1G,,,,0.0005621809800533934,True
CAMK2A,,,,0.00034835098363149297,True
CAMK2B,,,,0.04064692570243597,False
CAMK2D,,,,0.04048985965774948,False
CAMK2G,,,,0.000675208773830026,True
CAMK4,,,,0.01619536836677695,False
CAMKK1,,,,0.057871292021207645,False
CAMKK2,,,,0.03633465104711593,False
CAMKV,,,,0.023467794468926516,False
CARD10,,,,0.005648957484111841,True
CARD11,,,,0.02099433392860864,False
CARD14,,,,0.01073181811005729,False
CARD9,,,,0.02096780193317355,False
CARS,,,,0.007702469161418123,True
CASC5,,,,-0.0013735345496128308,True
CASK,,,,0.012852849629968537,False
CASP1,,,,0.02911915444852561,False
CASP10,,,,0.03165860457754375,False
CASP2,,,,0.011458664980636864,False
CASP3,,,,0.00038916530279740864,True
CASP4,,,,0.01672346040449321,False
CASP6,,,,0.02875778513533907,False
CASP7,,,,0.015141093160463576,False
CASP8,,,,0.017848089792933727,False
CASP9,,,,0.0010556890251636935,True
CATSPERB,,,,0.011240276895335268,False
CBFA2T3,,,,0.021642377776947583,False
CBFB,,,,0.05015374075743743,False
CBL,,,,0.026682152502525022,False
CCDC50,,,,0.04520486652111163,False
CCDC56,,,,0.0001421580272314937,True
CCDC6,,,,0.00221089782230156,True
CCL3,,,,4.3237984327520384e-06,True
CCL4,,,,0.0001351944734506153,True
CCNA1,,,,0.016826779521606664,False
CCNA2,,,,0.03391837457032636,False
CCNB1,,,,0.00033241445915959344,True
CCNB1IP1,,,,0.0006490545242277764,True
CCND1,1.0,,False,0.05743018267774296,False
CCND2,1.0,,False,0.031405424928903435,False
CCND3,1.0,,False,3.902830187345766e-05,True
CCNE1,,,,0.00018098317771404396,True
CCNG1,,,,0.04055589351357939,False
CCNT1,,,,0.025948974048672312,False
CCR1,,,,0.028749756333287545,False
CCR4,,,,0.022721717955804178,False
CCR5,,,,0.027026093930170796,False
CD160,,,,0.00024350949456543607,True
CD40,,,,0.05033217240224394,False
CD40LG,,,,0.022551342173034273,False
CD44,,,,0.009286619701370692,True
CD79A,,,,0.06727644037120453,False
CD79B,,,,0.025541518178951225,False
CDC25A,,,,0.009338153525317196,True
CDC25C,,,,0.028028961167001827,False
CDC34,,,,0.08631318944600383,False
CDC42,,,,0.028727844254734566,False
CDC42BPA,,,,0.01588095220708284,False
CDC42BPB,,,,0.01700791842304067,False
CDC42BPG,,,,0.01615323461512478,False
CDC5L,,,,0.02850943593244322,False
CDC7,,,,0.009584403527739541,True
CDC73,,,,0.024799917716089605,False
CDH1,0.0,0.016708672081291495,True,0.013873032902827764,False
CDH11,,,,0.012591825085354435,False
CDH2,,,,0.02109498166488167,False
CDH3,,,,0.018712478126203046,False
CDK1,,,,0.025385205891372015,False
CDK10,,,,0.0005187254236647485,True
CDK11A,,,,0.029139881549272818,False
CDK11B,,,,0.03881676853986258,False
CDK12,,,,0.015176913856279842,False
CDK13,,,,0.0241928932855284,False
CDK14,,,,0.017571141766528908,False
CDK15,,,,0.046904898521475134,False
CDK16,,,,0.00015095440995963527,True
CDK17,,,,0.025023373484369008,False
CDK18,,,,0.03896626498982158,False
CDK19,,,,0.0549438061495243,False
CDK2,,,,0.017408298752334128,False
CDK20,,,,0.037020001961161016,False
CDK3,,,,0.031218063091169836,False
CDK4,1.0,,False,0.00017479192153586345,True
CDK5,,,,0.00040288800935669024,True
CDK6,1.0,,False,0.022451230955662416,False
CDK7,,,,0.057531428609223605,False
CDK8,,,,0.010954853593445946,False
CDK9,,,,4.750771593523519e-05,True
CDKL1,,,,0.0370380239301291,False
CDKL2,,,,0.024877480631591613,False
CDKL3,,,,0.009500183232168842,True
CDKL4,,,,0.019769921756001344,False
CDKL5,,,,0.018867801223888255,False
CDKN1A,,,,0.03344641409055526,False
CDKN1B,,,,0.0001918549133035565,True
CDKN2A,0.0,0.23893401076246837,True,0.01089443044120904,False
CDKN2B,,,,0.08017727066590292,False
CDKN2C,0.0,0.013963962159064952,True,0.017186477598092633,False
CDKN2D,,,,0.00015958379432983675,True
CDKN2a.p14.,0.0,0.22408853592765182,True,,
CDX2,,,,0.016921340849938668,False
CEBPA,,,,0.00012257485784360905,True
CEP110,,,,0.0012097108078483504,True
CFI,,,,0.019083604997339968,False
CHD1,,,,0.008990150204472512,True
CHD5,,,,0.01755263303973074,False
CHD8,,,,0.003436612291505966,True
CHD9,,,,0.00505788754589914,True
CHEK1,,,,0.0008986719150279641,True
CHEK2,,,,0.01005475436902083,True
CHIC2,,,,0.07242856323179249,False
CHL1,,,,0.010085378303386704,True
CHN1,,,,0.011246061526452215,False
CHRNA3,,,,0.055211913067334986,False
CHRNA5,,,,0.012041813397484728,False
CHRNB4,,,,0.024097971225734725,False
CHUK,,,,0.012001774782600824,False
CIC,,,,0.00931479705790221,True
CIITA,,,,0.0017069310670346951,True
CIT,,,,0.0013037467152562188,True
CLK1,,,,0.010846909398237566,False
CLK2,,,,0.01090830872059476,False
CLK3,,,,0.04692034986276557,False
CLK4,,,,0.025165005398744115,False
CLP1,,,,0.027358521575206143,False
CLPTM1,,,,0.05471455039024096,False
CLPTM1L,,,,0.04046452869504193,False
CLTC,,,,0.007872093414013246,True
CLTCL1,,,,-0.042526234426696126,True
CNBP,,,,0.037426053486150426,False
CNTN1,,,,0.020315417060923064,False
CNTN5,,,,0.0032097166625859727,True
CNTN6,,,,0.01002581955095955,True
COL14A1,,,,0.005863666348218607,True
COL18A1,,,,0.016300671950269848,False
COL1A1,,,,0.0164535779822449,False
COL3A1,,,,0.013890121912391524,False
COL4A3BP,,,,0.03192321596705154,False
COPS5,,,,0.017429356524027682,False
COX6C,,,,7.134189711133306e-05,True
CPAMD8,,,,0.015042648763471686,False
CPNE5,,,,0.02627133368514445,False
CREB1,,,,0.00027234340152172904,True
CREB3L2,,,,0.014170499379201592,False
CREBBP,,,,0.004278023269597695,True
CRKL,,,,0.05030619715119124,False
CRP,,,,0.00017690036304370753,True
CRTC1,,,,0.02417521126314663,False
CSF1R,,,,0.014876473688791242,False
CSF2,,,,5.017952672635423e-05,True
CSF3,,,,0.08661205049177943,False
CSF3R,,,,0.007606145718813951,True
CSK,,,,0.014887773651000295,False
CSMD3,,,,0.004925605633261804,True
CSNK1A1,,,,0.013824605490484271,False
CSNK1A1L,,,,0.019828371366796434,False
CSNK1D,,,,0.02194575095756285,False
CSNK1E,,,,0.01589436483017733,False
CSNK1G1,,,,0.01490184708996995,False
CSNK1G2,,,,0.025564703089784365,False
CSNK1G3,,,,0.016232973630200345,False
CSNK2A1,,,,0.028137473595706675,False
CSNK2A2,,,,0.045167766306202,False
CSPG4,,,,0.009990968799178495,True
CSPP1,,,,0.010219858184913283,True
CTBP1,,,,0.001054818979752175,True
CTBP2,,,,0.00967585074259052,True
CTDSPL,,,,0.01699545073275525,False
CTLA4,,,,0.046747320549131874,False
CTNNA2,,,,0.005486156590094875,True
CTNNB1,0.0,0.018075016728706463,True,0.018691441595587527,False
CTSL1,,,,0.01950775779877872,False
CTSL2,,,,0.03914507192553417,False
CTSS,,,,0.0003905288362619748,True
CTTN,,,,0.013784139745953381,False
CUBN,,,,0.003888628700292933,True
CXCL10,,,,8.590752313811237e-06,True
CXCL12,,,,2.5536982814996688e-05,True
CXCL9,,,,0.06063926132897865,False
CXCR1,,,,0.02551798959942823,False
CXCR2,,,,0.057855220627168025,False
CXCR4,,,,0.025852479851744516,False
CXCR7,,,,0.03691543100183931,False
CYB5R4,,,,0.016836920662594127,False
CYCS,,,,0.00013699090245729818,True
CYFIP1,,,,0.015006643378126485,False
CYLD,0.0,0.0014144271570014138,True,0.013566065770413959,False
CYP17A1,,,,0.03415438442796246,False
CYP19A1,,,,0.05067852732429909,False
CYP1A2,,,,0.000661691257916931,True
CYP1B1,,,,0.03014921984132488,False
CYP24A1,,,,0.021767132875832103,False
CYP27B1,,,,0.04771155706457502,False
CYP2B6,,,,0.01704616827917841,False
CYP3A4,,,,0.01748031369423134,False
CYSLTR2,,,,0.01863639314552981,False
DAB1,,,,0.029554043585234255,False
DACH1,,,,0.011685721819908448,False
DAPK1,,,,0.00883021367168616,True
DAPK2,,,,0.03401742775753947,False
DAPK3,,,,0.0406044634139846,False
DAXX,,,,0.013867408494712085,False
DBF4,,,,0.011728881853482401,False
DBN1,,,,0.018784778705190422,False
DCLK1,,,,0.020120964998683336,False
DCLK2,,,,0.020291007998164797,False
DCLK3,,,,0.003354874612541909,True
DDB2,,,,0.0004240798371922986,True
DDIT3,,,,0.05036441599758302,False
DDR1,,,,0.026180588225207874,False
DDR2,,,,0.026402132128041843,False
DDX1,,,,0.012086543505437348,False
DDX10,,,,0.028510984757181283,False
DDX6,,,,0.01694174658129335,False
DEK,,,,0.01882440484686523,False
DFFA,,,,0.025113200189475434,False
DFFB,,,,0.018706848084190205,False
DFNA5,,,,0.019567870970169685,False
DGKB,,,,0.01320369052448378,False
DGKG,,,,0.009518137035933388,True
DHFR,,,,0.03366759557633161,False
DIABLO,,,,0.02559123684738219,False
DICER1,,,,0.008610457157029574,True
DIP2C,,,,0.020007697854696964,False
DKK1,,,,0.08014069252919136,False
DLC1,,,,0.016949681214732518,False
DLL1,,,,0.017706463961712354,False
DLL4,,,,0.0189818568539094,False
DMPK,,,,0.016007008544778094,False
DNAH8,,,,0.00542251333174691,True
DNMT1,,,,0.022991885176070256,False
DNMT3B,,,,0.023446421430705217,False
DOCK3,,,,0.015705979337964453,False
DPYD,,,,0.00810234639683559,True
DRD2,,,,0.012229904037577764,False
DST,,,,0.003636418425448031,True
DSTYK,,,,0.027089067375624467,False
DTX1,,,,0.03921699455406657,False
DUSP6,,,,0.027368994164598016,False
DVL1,,,,0.00412272851854923,True
DYRK1A,,,,0.017996885606634316,False
DYRK1B,,,,0.011131195438313621,False
DYRK2,,,,0.008580752057568704,True
DYRK3,,,,0.019085280062409293,False
DYRK4,,,,0.009008681488466657,True
E2F1,,,,0.0001933533130388653,True
ECM1,,,,0.0031927069668589354,True
EDN1,,,,3.300755235635905e-05,True
EDNRA,,,,0.029384051410981812,False
EDNRB,,,,0.01764668593930108,False
EEF1D,,,,0.025808147227269672,False
EEF2K,,,,0.012284584405088863,False
EGF,,,,0.009311135239301101,True
EGFR,0.0,0.013963962159064952,True,0.02468894456913746,False
EHBP1,,,,0.009916498666720841,True
EIF2AK1,,,,0.012881539315940384,False
EIF2AK2,,,,0.06737369385579246,False
EIF2AK3,,,,0.012388433933093685,False
EIF2AK4,,,,0.008003678295760187,True
EIF2B5,,,,0.014803897706195107,False
EIF2S1,,,,7.77277018231782e-05,True
EIF3A,,,,0.009943244844316019,True
EIF3H,,,,0.02967987669455732,False
EIF4A1,,,,0.017227075023845885,False
EIF4A2,,,,0.031779877504480095,False
EIF4B,,,,0.03842746012144539,False
EIF4E,,,,0.02676412016603985,False
EIF4EBP1,,,,0.08024097379481411,False
EIF4G1,,,,0.0065252859271619085,True
EIF5A,,,,0.0203917429185039,False
EIF5A2,,,,0.05028159262927985,False
ELAVL1,,,,0.011497849948499499,False
ELF4,,,,0.02327717051859415,False
ELK1,,,,0.0509255864424051,False
ELL,,,,0.015890203464461718,False
ELN,,,,0.020944357362029316,False
EML4,,,,0.01923733291729112,False
EP300,1.0,,False,0.012645503117758165,False
EPHA1,,,,0.015672075789489207,False
EPHA10,,,,0.023308962294203355,False
EPHA2,,,,0.023246593945123073,False
EPHA3,,,,0.024712341669787485,False
EPHA4,,,,0.020443063181513437,False
EPHA5,,,,0.003845791294650146,True
EPHA6,,,,0.00721518338282553,True
EPHA7,,,,0.023595835524211437,False
EPHA8,,,,0.017546792642465274,False
EPHB1,,,,0.010476456520372147,True
EPHB2,,,,0.009979920795196094,True
EPHB3,,,,0.011817108808050248,False
EPHB4,,,,0.014903688665456404,False
EPHB6,,,,0.007263388922130799,True
EPO,,,,0.05076246234639432,False
EPS15,,,,0.0038602301651696584,True
ERBB2,0.0,0.0014144271570014143,True,0.01626319508941258,False
ERBB3,,,,0.004819660105303554,True
ERBB4,,,,0.013442123342628017,False
ERC1,,,,0.0074235683902541295,True
ERCC2,,,,0.03153196998213907,False
ERCC3,,,,0.014988619557330374,False
ERCC4,,,,0.02199412736431691,False
ERCC5,,,,0.010063256164669982,True
ERCC6,,,,0.0183379138648804,False
ERG,,,,0.027559699221213266,False
ERLIN2,,,,0.02066093330816069,False
ERN1,,,,0.01256152436774249,False
ERN2,,,,0.02884112029228833,False
ESR1,,,,0.0221660020659077,False
ESR2,,,,0.02713606987213991,False
ETV1,,,,0.030007418131208476,False
ETV4,,,,0.04034578739236285,False
ETV5,,,,0.04450342247324858,False
ETV6,,,,0.009493549244717714,True
EWSR1,,,,0.024483900719347966,False
EXT1,,,,0.011329933437070751,False
EXT2,,,,0.02713783311971231,False
EZH2,0.0,0.007032067027018364,True,,
F12,,,,0.036929656683473436,False
F8,,,,0.013036816797765643,False
FADD,,,,1.2894490843455567e-05,True
FAM118A,,,,0.03302290457472108,False
FAM123B,0.0,0.007032067027018364,True,0.011630774259117464,False
FAM132A,,,,0.06729611340859076,False
FAM159A,,,,4.586866199803866e-05,True
FANCA,,,,0.007708804288618251,True
FANCB,,,,0.03130502618715877,False
FANCC,,,,0.043032991983074725,False
FANCD2,,,,0.025486994620262236,False
FANCE,,,,0.019382438935784903,False
FANCF,,,,0.011117617766284022,False
FANCG,,,,0.0005376339413752301,True
FANCI,,,,0.010907658149218607,False
FANCL,,,,-0.003945067017938517,True
FANCM,,,,0.010952104019073077,False
FAS,,,,0.04209699128626518,False
FASLG,,,,0.018307476268086858,False
FASN,,,,0.018073524462270694,False
FASTK,,,,0.00017403702062683996,True
FBLN5,,,,0.011492174405673645,False
FBN1,,,,0.005114144078897856,True
FBN2,,,,0.007565935211495648,True
FBXO43,,,,0.03436369043187964,False
FBXW7,0.0,0.036783119833634505,True,0.009233871298671236,True
FCGR2B,,,,0.00019442138817656334,True
FCRL4,,,,0.0015728916340499639,True
FER,,,,0.020803363244292668,False
FES,,,,0.024611695178541386,False
FEV,,,,0.05028541746139897,False
FFAR2,,,,0.04534949152743812,False
FGF1,,,,0.00020979437600843916,True
FGF19,,,,0.00026368926361473367,True
FGF2,,,,0.06699351904232542,False
FGF20,,,,0.10063101622781429,False
FGF4,,,,0.05042519912534619,False
FGFR1,,,,0.02921829998415523,False
FGFR1OP,,,,0.04831778576864857,False
FGFR2,1.0,,False,0.01832106021172111,False
FGFR3,0.0,0.0028248474382039576,True,0.03786979067274615,False
FGFR4,,,,0.0010510325941351746,True
FGR,,,,0.004035988672834998,True
FH,,,,0.018238376271999528,False
FHIT,,,,0.03124976122671544,False
FIGF,,,,0.02560191431226379,False
FIP1L1,,,,0.0005575955759362533,True
FKBP1A,,,,0.00010880988062936031,True
FLCN,0.0,0.0042312608436076305,True,0.03291639984369776,False
FLI1,,,,0.035187152333843494,False
FLNA,,,,0.0057511575075182364,True
FLNB,,,,0.015689443193350583,False
FLNC,,,,0.011205281762754885,False
FLT1,,,,0.0122948625535812,False
FLT3,0.0,0.005633667373212434,True,0.02554051240062957,False
FLT4,,,,0.019817920575631306,False
FMN2,,,,0.006247357995191621,True
FMO4,,,,0.02582420674738343,False
FN1,,,,0.0016951674658823724,True
FNBP1,,,,0.013194041884696476,False
FNTA,,,,0.020013517555521283,False
FOS,,,,0.00023523241644150654,True
FOXE1,,,,0.033791091550282565,False
FOXO1,,,,0.0384141439538173,False
FOXO3,,,,0.016497190028273864,False
FOXO4,,,,0.014390629157491336,False
FOXP1,,,,0.04760945364419104,False
FPGT,,,,0.0001044104116086299,True
FRK,,,,0.028185225502014206,False
FRS2,,,,0.00046319129902397334,True
FSCB,,,,0.006200795778111191,True
FSTL3,,,,0.050401493085200345,False
FURIN,,,,0.020989611975378512,False
FUS,,,,0.01822407809911359,False
FYN,,,,0.022273919104793007,False
FZD1,,,,0.016482045365009936,False
GAB1,,,,0.008144494627527078,True
GADD45A,,,,0.06692500574790787,False
GAK,,,,0.005713986182917158,True
GAS7,,,,0.015645564878791526,False
GATA1,,,,0.00040535263927092785,True
GATA2,,,,0.021177508560061557,False
GCK,,,,0.02862863686227953,False
GCNT2,,,,0.024193195499882737,False
GH1,,,,0.011062559593145222,False
GHR,,,,0.01825212390606253,False
GLG1,,,,0.006653147247399627,True
GLI1,,,,0.010541622533497972,True
GLI2,,,,0.004883375741675078,True
GLI3,,,,0.011003420696965855,False
GLTSCR1,,,,0.026863930901596188,False
GLYAT,,,,0.02445986568162431,False
GLYATL2,,,,0.0074777113777380775,True
GMPS,,,,0.024783869680127676,False
GNAQ,,,,0.07105520759990305,False
GNAS,0.0,0.0014144271570014138,True,0.010769417184560724,False
GNRH1,,,,0.10026650638440572,False
GOLGA5,,,,0.010688095080668973,False
GOLPH3,,,,0.06530288771203924,False
GOPC,,,,0.015074117820574674,False
GPC3,,,,0.014511280404621126,False
GPHN,,,,0.01963090203134714,False
GPR112,,,,-0.003999430160859591,True
GPR119,,,,0.018559957714847492,False
GPR137,,,,4.329660487582411e-06,True
GPR141,,,,0.03154427084268643,False
GPR183,,,,0.05512380223729975,False
GPR87,,,,0.02862516218174646,False
GRAMD1B,,,,-0.0028815380481179514,True
GRB2,,,,0.0002506811418505176,True
GRB7,,,,0.042877232888154114,False
GRIA3,,,,0.02097076432249854,False
GRIK1,,,,0.013864239076921095,False
GRIN2A,,,,0.015855278317745733,False
GRIN2B,,,,0.007907968515993893,True
GRK1,,,,0.026948735114082897,False
GRK4,,,,0.018429606791409214,False
GRK5,,,,0.021033176419397472,False
GRK6,,,,0.0006026177082560874,True
GRK7,,,,0.0064655193852010745,True
GSG2,,,,0.0316941557288426,False
GSK3A,,,,0.023242937787311582,False
GSK3B,,,,0.015834451716796923,False
GTSE1,,,,0.021612869047107453,False
GUCY1A2,,,,0.028459384890473522,False
GUCY2C,,,,0.028295703325025356,False
GUCY2D,,,,-0.0029770147225493923,True
GUCY2F,,,,0.016519005126491033,False
HAPLN1,,,,0.011377325649513808,False
HBD,,,,0.04504403230943982,False
HCK,,,,0.020816168995023514,False
HDAC1,,,,0.025357307456261257,False
HDAC2,,,,0.01159359707227772,False
HDAC3,,,,0.02963878693071474,False
HDAC4,,,,0.020880337383008887,False
HDAC6,,,,0.021233927772225613,False
HDAC8,,,,0.03378938838958158,False
HDLBP,,,,0.017163571397287327,False
HECW1,,,,0.012670486654710315,False
HEPH,,,,0.025891510119773954,False
HERC2,,,,-0.0012016074433315474,True
HGF,,,,0.015521066676865312,False
HIF1A,,,,0.01162476820348031,False
HIP1,,,,0.017111852637589423,False
HIPK1,,,,0.010224103652265946,True
HIPK2,,,,0.02114005731096068,False
HIPK3,,,,0.00680015272291836,True
HIPK4,,,,0.009274746312240062,True
HIST1H4I,,,,0.0667200899984151,False
HLF,,,,0.02684823742534313,False
HMGA1,,,,0.1002974012564509,False
HMGA2,,,,1.716154002329391e-05,True
HMMR,,,,0.013852655100295123,False
HNF1A,,,,0.009561710460228433,True
HNF1B,,,,0.023140403398654603,False
HNRNPA2B1,,,,0.024372891670755945,False
HNRNPH1,,,,0.008266544128182911,True
HORMAD1,,,,0.0038300276367679233,True
HOXA11,,,,0.04039636126833741,False
HOXA13,,,,0.025382036733663457,False
HOXA9,,,,0.0669577650997148,False
HOXC11,,,,0.019523610616691518,False
HOXC13,,,,0.022637240396712728,False
HOXD10,,,,0.003507162293720169,True
HOXD11,,,,0.03384658657253399,False
HOXD13,,,,0.03401890229587816,False
HRAS,0.0,0.011203224733642932,True,0.04449417067766051,False
HSF1,,,,0.00020507868674615281,True
HSP90AA1,,,,0.0005033365841773836,True
HSP90AB1,,,,0.023254208458488898,False
HSP90B1,,,,0.013991471020319871,False
HSPA1A,,,,0.06690408896078054,False
HSPA1B,,,,4.226187985423205e-06,True
HSPA4,,,,0.00471899155815537,True
HSPB1,,,,0.02895448031594627,False
HSPB8,,,,0.0258276944077885,False
HUNK,,,,0.029165942157892713,False
ICAM1,,,,0.05770833149071262,False
ICK,,,,0.009210834026560675,True
ID1,,,,0.06036252573438318,False
IDH1,0.0,0.0014144271570014143,True,0.045485745956273735,False
IDH2,,,,0.03398098741008125,False
IFNA2,,,,0.05829961311226795,False
IFNB1,,,,0.028826098515351457,False
IFNG,,,,0.025535984933143553,False
IGF1R,,,,0.00990965609203416,True
IGFBP5,,,,0.025368858628572383,False
IKBKB,,,,0.03432492815275592,False
IKBKE,,,,0.008726462297645768,True
IKZF1,,,,0.0033068471574689727,True
IKZF3,,,,0.005964990525484199,True
IL17RD,,,,0.0013525568255636441,True
IL1A,,,,0.07583786032501894,False
IL1B,,,,0.03353621098026429,False
IL1R1,,,,0.014311691380076515,False
IL1R2,,,,0.010343115987772631,True
IL1RAP,,,,0.039116924162773556,False
IL1RN,,,,0.02532721096384512,False
IL2,,,,0.033622696095894994,False
IL21R,,,,0.03554255070040237,False
IL2RA,,,,0.020458750383135417,False
IL3,,,,0.20036326882878777,False
IL6ST,,,,0.019929896877460843,False
ILK,,,,0.015133475558702328,False
ING1,,,,0.019184686149267733,False
INHBA,,,,0.01469300730583047,False
INPP4B,,,,0.010238193806763376,True
INPP5D,,,,0.012782343386564596,False
INSR,,,,0.017821368000560084,False
INSRR,,,,0.015245336269281543,False
IRAK1,,,,0.028839231622016306,False
IRAK2,,,,0.019686909917874616,False
IRAK3,,,,0.019395447984691797,False
IRAK4,,,,0.0009189020503712192,True
IRF4,,,,0.016019899564388995,False
IRS1,,,,-0.005809771138248637,True
IRS2,,,,0.018716158616048837,False
ISG15,,,,0.02889478624403023,False
ITGA10,,,,0.01647106567424836,False
ITGA5,,,,0.02691434443677978,False
ITGA7,,,,0.011211925521867045,False
ITGAV,,,,0.0011410901254779744,True
ITGB1,,,,-0.0012710061906542854,True
ITGB4,,,,0.018714265889053592,False
ITGB6,,,,0.02044334947757953,False
ITGB8,,,,0.017845962531928824,False
ITIH5L,,,,0.025351098840552696,False
ITK,,,,0.007122357901572127,True
ITPR1,,,,0.001340762432037889,True
ITPR2,,,,-0.0016445447278265822,True
JAG1,,,,0.015046393568087226,False
JAG2,,,,0.01470770737104063,False
JAK1,,,,0.023694639983962082,False
JAK2,0.0,0.001414427157001414,True,0.011022039806189796,False
JAK3,,,,0.019722009537307825,False
JARID2,,,,0.017085910693898764,False
JAZF1,,,,0.10020738641500222,False
JUN,,,,0.040391075420633867,False
JUNB,,,,0.000441064499997488,True
JUND,,,,0.036652402534021536,False
KALRN,,,,0.008853779601507359,True
KCNH2,,,,0.014236491366115834,False
KCTD14,,,,0.0002969190787867225,True
KDM5A,,,,0.0197217219023873,False
KDM5C,0.0,0.0056336673732124325,True,,
KDM6A,0.0014144271570014145,0.031561288248648865,True,0.009633900968108523,True
KDR,0.0,0.0,False,0.006816396753329496,True
KDSR,,,,0.040422244837972854,False
KIAA0802,,,,0.021334772469010443,False
KIAA1409,,,,0.005288091914653972,True
KIAA1549,,,,0.006770048828757173,True
KIAA1804,,,,0.01797271980775332,False
KIAA2022,,,,0.005846717511540323,True
KIT,0.0,0.0,False,0.009751820019372488,True
KLF6,,,,0.03354119941361869,False
KLK3,,,,0.03418319217157056,False
KLK7,,,,0.0504481779618342,False
KPNA5,,,,0.009531233717867904,True
KRAS,0.0,0.10592176174315122,True,-0.0010265052536902908,True
KSR1,,,,0.002923511090452202,True
KSR2,,,,0.014119116239116257,False
KTN1,,,,0.007604429834369412,True
LAMA1,,,,0.002922559439836829,True
LAMP1,,,,0.027153786298857955,False
LASP1,,,,0.00019642556289056529,True
LATS1,,,,0.012277634491596148,False
LATS2,,,,0.008581171364946232,True
LCK,,,,0.0008651171983073036,True
LCP1,,,,0.05434994562946877,False
LDHA,,,,0.021916104607599164,False
LDLR,,,,0.017559759195150106,False
LEMD1,,,,0.0002815300976392694,True
LETM2,,,,0.05828261439996544,False
LGR5,,,,0.03517296653229531,False
LHFP,,,,1.2822880281210247e-05,True
LIF,,,,0.00038581732955692954,True
LIFR,,,,0.008614652155154693,True
LIMK1,,,,0.015281581301946177,False
LIMK2,,,,0.021195307742717103,False
LMNA,,,,0.006078169654229127,True
LMNB1,,,,0.025795755485084608,False
LMNB2,,,,0.034547124795523576,False
LMO1,,,,0.02892859284376708,False
LMO2,,,,0.015860416533600787,False
LMTK2,,,,0.01505756607932577,False
LMTK3,,,,0.04360187573084652,False
LNX2,,,,0.027478164356277222,False
LOC100130776,,,,0.0008264694503834347,True
LPP,,,,0.028480200459924585,False
LRGUK,,,,0.012154088148330269,False
LRP1,,,,0.006123500667467048,True
LRP1B,,,,0.0065295669698943164,True
LRP2,,,,0.004257554515262022,True
LRP6,,,,0.02072094899384905,False
LRRC2,,,,0.017190059074924043,False
LRRC7,,,,0.009204445761461453,True
LRRK1,,,,0.003299666056337994,True
LRRK2,,,,0.010405483076888855,True
LSP1,,,,0.03697841021984327,False
LTBR,,,,0.04687445578989857,False
LTK,,,,0.01742976051320533,False
LYL1,,,,0.10025842397563882,False
LYN,,,,0.005625505439808093,True
LZTR1,,,,0.02110026121166946,False
MAF,,,,0.02039977467127025,False
MAFB,,,,0.05762209428210473,False
MAGEB16,,,,0.013179836220237006,False
MAK,,,,0.018851304219833675,False
MALT1,,,,0.036082302169090495,False
MAMDC4,,,,0.017389521748534854,False
MAML1,,,,0.011816483464911171,False
MAML2,,,,0.014956400865244145,False
MAML3,,,,-0.02227194699813527,True
MAP2K1,,,,0.011041695104358502,False
MAP2K2,,,,0.00043473717262674247,True
MAP2K3,,,,0.009303993596524972,True
MAP2K4,0.0,0.019437354500322548,True,0.021534202659831598,False
MAP2K5,,,,0.004549793592460198,True
MAP2K6,,,,0.016932568127293914,False
MAP2K7,,,,0.02753858421916729,False
MAP3K1,,,,-0.007833912830736457,True
MAP3K10,,,,0.026530359817541625,False
MAP3K11,,,,0.009420097394176766,True
MAP3K12,,,,0.02470215220946802,False
MAP3K13,,,,0.018849101520597978,False
MAP3K14,,,,-0.007233264508224913,True
MAP3K2,,,,0.015708588476279525,False
MAP3K3,,,,0.011886165947988348,False
MAP3K4,,,,0.01306715052078686,False
MAP3K5,,,,0.012955011573632567,False
MAP3K6,,,,0.0042676163578252045,True
MAP3K7,,,,0.012143715716170468,False
MAP3K8,,,,0.043841878766498525,False
MAP3K9,,,,0.017600420181025832,False
MAP4K1,,,,0.02498582758860217,False
MAP4K2,,,,0.024492488173260826,False
MAP4K3,,,,0.016066151822745553,False
MAP4K4,,,,0.01616794088771915,False
MAP4K5,,,,0.03744837371825914,False
MAPK1,,,,0.025546412036964658,False
MAPK10,,,,0.026818520176760896,False
MAPK11,,,,0.05092953531070813,False
MAPK12,,,,0.040903262026028904,False
MAPK13,,,,0.05772694541986167,False
MAPK14,,,,0.043632572037742595,False
MAPK15,,,,0.046748041387943216,False
MAPK3,,,,0.020380786645655416,False
MAPK4,,,,0.01926548192645738,False
MAPK6,,,,0.02758661759366279,False
MAPK7,,,,0.023956844808928308,False
MAPK8,,,,0.01085107724371564,False
MAPK8IP2,,,,0.05093698513879035,False
MAPK9,,,,0.037067152907372364,False
MAPKAPK2,,,,0.06436507288130137,False
MAPKAPK3,,,,0.044992707555646015,False
MAPKAPK5,,,,0.027532859836062462,False
MAPKBP1,,,,0.02318212062303711,False
MARK1,,,,0.019423666711287074,False
MARK2,,,,0.030274503395102112,False
MARK3,,,,-0.0013920450860896085,True
MARK4,,,,0.0007929645530110285,True
MAST1,,,,0.02018906312581296,False
MAST2,,,,0.0016060585908389575,True
MAST3,,,,0.02415896398136632,False
MAST4,,,,0.011540288141556289,False
MASTL,,,,0.018063257166652455,False
MATK,,,,0.04680223506926574,False
MAX,,,,0.00018576776529318477,True
MBIP,,,,0.05521825051068514,False
MCF2,,,,0.000641694724241491,True
MCL1,,,,0.04081498126185481,False
MCM3AP,,,,0.012446138436790793,False
MCM4,,,,0.006724059751605887,True
MDM2,1.0,,False,-0.002699698818578668,True
MDM4,,,,0.021220998229546748,False
MECOM,,,,0.010897217717919974,False
MED13L,,,,0.003409097534163363,True
MEF2A,,,,0.029245057419451322,False
MELK,,,,0.019216375682986665,False
MEN1,,,,0.010203821938621814,True
MERTK,,,,0.027454448049846956,False
MET,0.0,0.0,False,0.014255139586933564,False
MFSD2A,,,,0.019169694153512207,False
MFSD4,,,,0.028830181338966608,False
MGA,,,,0.004048106240958698,True
MGC42105,,,,0.01489019199313104,False
MIF,,,,4.323798432752051e-06,True
MINK1,,,,0.004959460956461608,True
MITF,,,,0.019649303508795832,False
MKL1,,,,0.026904706812473308,False
MKNK1,,,,0.0001700535332046039,True
MKNK2,,,,8.552965276868448e-06,True
MKRN3,,,,0.00853284123367185,True
MLF1,,,,0.05210586645770435,False
MLH1,0.0,0.013963962159064952,True,0.019269903978208186,False
MLKL,,,,0.018263037143745192,False
MLL,,,,0.0015518244568724152,True
MLL3,,,,0.003333390046537466,True
MLLT1,,,,0.023156836114336762,False
MLLT10,,,,0.011870354370899717,False
MLLT11,,,,0.00015040563985014202,True
MLLT3,1.0,,False,0.013611759041532109,False
MLLT4,,,,0.0050830072262850945,True
MLLT6,,,,0.012803652285316191,False
MMP1,,,,0.03152047834121404,False
MMP2,,,,0.005221637369083798,True
MMP20,,,,0.010031736660424014,True
MMP8,,,,0.0019136850777605136,True
MMP9,,,,0.07207123684181065,False
MN1,,,,0.010739856066037423,False
MNX1,,,,0.01612308741554456,False
MOS,,,,0.05064187704437261,False
MPL,,,,0.011683074293441533,False
MPPED2,,,,0.016518906969156564,False
MRE11A,,,,0.0028380551954619053,True
MSH2,0.0,0.013963962159064952,True,0.02677837310400135,False
MSH3,,,,0.013320222882314367,False
MSH5,,,,0.021824633674081734,False
MSH6,0.0,0.011203224733642932,True,0.0008202636590815469,True
MSI2,,,,0.03965660189097392,False
MSMB,,,,0.028811160663592725,False
MSN,,,,0.05125782334925669,False
MST1R,,,,0.017163044880325662,False
MST4,,,,3.007437806395658e-05,True
MTCP1,,,,1.2926424909189017e-05,True
MTCP1NB,,,,0.2000945904181854,False
MTMR11,,,,0.023931544823326694,False
MTOR,,,,0.0022808384675599576,True
MTUS2,,,,0.01506915363811131,False
MUC1,,,,8.081557859911048e-05,True
MUSK,,,,0.01771305773306001,False
MUTYH,,,,0.013889001477724166,False
MYB,,,,0.009733558623629984,True
MYBL2,,,,0.05471098335615187,False
MYC,0.0,0.0,False,0.013785188778587821,False
MYCL1,1.0,,False,0.03376733534968897,False
MYCN,1.0,,False,0.017245470083357733,False
MYD88,,,,0.01126363587156257,False
MYH1,,,,0.003834107833563746,True
MYH10,,,,0.005294736047180519,True
MYH11,,,,0.004541902980925009,True
MYH9,,,,0.009782633055626778,True
MYLK,,,,0.0029567580610087383,True
MYLK2,,,,0.02163651401317976,False
MYLK3,,,,0.0133776387955523,False
MYLK4,,,,0.022697339118534925,False
MYO18B,,,,0.011325978909737943,False
MYO3A,,,,0.002329378106405108,True
MYO3B,,,,0.024158895697823143,False
MYST2,,,,0.024424837159554433,False
MYST3,,,,0.0016275816545374196,True
MYST4,,,,0.010504619461274189,True
MYT1,,,,0.007824790413764576,True
N4BP2,,,,0.01593702100398991,False
NACA,,,,0.00425592854560478,True
NAV3,,,,0.004518431253509907,True
NBN,,,,0.024163502268817725,False
NCAM1,,,,0.005939661788267142,True
NCAPD3,,,,0.0065814811798609865,True
NCKIPSD,,,,0.02025951047366516,False
NCOA1,,,,0.014285647674283905,False
NCOA2,,,,0.011644587009459691,False
NCOA3,,,,0.010602802670604688,True
NCOA4,,,,0.02414484877039571,False
NEDD8,,,,0.02907187854126467,False
NEDD9,,,,0.01950429405587916,False
NEK1,,,,0.01679097643447509,False
NEK10,,,,0.016237435706478936,False
NEK11,,,,0.020581925332872238,False
NEK2,,,,0.029332583580500695,False
NEK3,,,,-0.004781537534951331,True
NEK4,,,,0.016832218066817266,False
NEK5,,,,0.010245762963000886,True
NEK6,,,,0.0453984599295409,False
NEK7,,,,0.04551924717793715,False
NEK8,,,,0.030752788645417042,False
NEK9,,,,0.02161496596268702,False
NF1,0.0,0.03284035404754559,True,0.006845906577343336,True
NF2,0.0,0.03151808503391821,True,0.024161866857518796,False
NFATC1,,,,0.007270127347396121,True
NFIA,,,,0.03117745669375719,False
NFKB1,,,,0.024927711553622826,False
NFKB2,,,,0.0298039747314657,False
NFKBIA,,,,0.02882606652477428,False
NGF,,,,0.0217289821773073,False
NGFR,,,,0.040379082679352474,False
NIN,,,,0.012182147772479515,False
NIPBL,,,,0.0028115138116642413,True
NKD2,,,,0.04059517594703406,False
NKX2-1,,,,0.040191704392453155,False
NLK,,,,0.033806488088850464,False
NLRP1,,,,0.013191894489874425,False
NLRP10,,,,0.007517274273143776,True
NLRP3,,,,0.01124350537400138,False
NLRP6,,,,0.00993665206494476,True
NONO,,,,0.02554141467813445,False
NOS2,,,,0.014408278025991114,False
NOS3,,,,0.020170260981495058,False
NOTCH1,0.0,0.022150009416158124,True,0.01834408873150231,False
NOTCH2,,,,0.013576865341162805,False
NOTCH3,,,,0.00978177712790934,True
NOTCH4,,,,0.006609362705550895,True
NOV,,,,0.028881511568820056,False
NOVA1,,,,0.04122779941373137,False
NPAT,,,,-0.0002131494509828083,True
NPM1,,,,0.04491800829901718,False
NPR1,,,,0.014610088298288464,False
NPR2,,,,0.027863055553516602,False
NPRL2,,,,0.027218980770073713,False
NR1H2,,,,-0.041843424440219656,True
NR1H3,,,,0.01051422317621575,True
NR2F1,,,,0.03717053104085137,False
NR3C1,,,,0.03486149965348672,False
NR4A3,,,,0.0140200359838705,False
NRAS,0.0,0.05968241502418152,True,0.019059043780435887,False
NRBP1,,,,0.03286336723077657,False
NRBP2,,,,0.04022550380342679,False
NRK,,,,0.01417987857346804,False
NSD1,,,,0.012975082619523114,False
NTRK1,,,,0.020456286535298195,False
NTRK2,,,,0.021516688212099115,False
NTRK3,,,,0.007218106003590682,True
NTSR1,,,,0.0002710470482784372,True
NUAK1,,,,0.014105448410811662,False
NUAK2,,,,0.010053355114513818,True
NUDT10,,,,0.028974944758439914,False
NUDT11,,,,0.04041105770984001,False
NUMA1,,,,0.00851406877827422,True
NUP133,,,,0.003373587330725053,True
NUP153,,,,0.008224245904511145,True
NUP210,,,,0.009867999488672126,True
NUP214,,,,0.000979418771091737,True
NUP98,,,,0.011387108577625255,False
NYNRIN,,,,0.012646828341039069,False
OBSCN,,,,0.004813584993152158,True
ODZ1,,,,0.0031684087109221976,True
OGG1,,,,0.00014653286067628304,True
OLFM4,,,,0.02901846468269881,False
OLIG2,,,,1.7265120751902257e-05,True
OMD,,,,0.00033245231213738485,True
OMG,,,,0.025188347160288983,False
OR2L13,,,,0.011537733429836711,False
OR4E2,,,,0.0636165820422194,False
ORAOV1,,,,0.0669040811369364,False
ORMDL3,,,,0.02916634778552592,False
OSR1,,,,0.024211285266701008,False
OXSR1,,,,-0.009266342729867583,True
P2RX7,,,,0.034056697595399685,False
P4HB,,,,0.02198746689832827,False
PABPN1,,,,0.04021124780398891,False
PAFAH1B2,,,,0.000268675390059206,True
PAK1,,,,0.02107873502838336,False
PAK2,,,,0.03837329845191026,False
PAK3,,,,0.0348044568880178,False
PAK4,,,,0.03151475564041936,False
PAK6,,,,0.030894066195928098,False
PAK7,,,,0.02323000768034354,False
PALB2,,,,0.013276356605320701,False
PAPPA,,,,0.012183148053494618,False
PARP1,,,,0.020248442434060657,False
PARP9,,,,0.012529840589782133,False
PASK,,,,0.012262976949370293,False
PATZ1,,,,0.04494317833730405,False
PAWR,,,,0.00014110466979201192,True
PAX3,,,,0.012241456528763382,False
PAX5,,,,0.01581755533713689,False
PAX7,,,,0.0162179219587984,False
PAX8,,,,0.00033655958244329146,True
PAXIP1,,,,0.021715457479025795,False
PBK,,,,0.020508954628165724,False
PBX1,,,,0.002997619676866126,True
PCDH15,,,,0.0101297577153579,True
PCM1,,,,0.004918365258741465,True
PCNA,,,,0.00014657064771322588,True
PCP4L1,,,,0.05038708921986451,False
PCSK7,,,,0.017306785324735754,False
PDCD1,,,,0.029338827203571016,False
PDCD11,,,,0.004833060035955691,True
PDE4DIP,,,,0.008991270615740987,True
PDGFA,,,,0.019103478075543606,False
PDGFB,,,,0.0674024279307779,False
PDGFRA,0.0,0.0,False,0.01135714456126976,False
PDGFRB,,,,0.008979120006816636,True
PDIK1L,,,,0.025513713385285214,False
PDK1,,,,0.0005466828775367965,True
PDK2,,,,0.05053427387003876,False
PDK3,,,,0.00023713712492333896,True
PDK4,,,,0.019946731084896006,False
PDPK1,,,,0.04025673271919779,False
PDZRN4,,,,0.009326320627264592,True
PER1,,,,0.0014981261613744026,True
PEX5L,,,,0.006828144041929416,True
PGAP3,,,,0.050200424583852675,False
PGGT1B,,,,0.0002612134192859832,True
PGR,,,,0.023822620251781612,False
PHF3,,,,0.01846651228406875,False
PHIP,,,,0.0032225176105456646,True
PHKG1,,,,0.04081278337998158,False
PHKG2,,,,0.02253242326795145,False
PHOX2B,,,,0.029329572264136662,False
PI4K2A,,,,0.0002981005817920678,True
PI4K2B,,,,0.01587618635331322,False
PI4KA,,,,0.020209956277485182,False
PI4KB,,,,0.016183273301818107,False
PICALM,,,,0.025074026763258903,False
PIGU,,,,0.0217593867155302,False
PIK3C2A,,,,-0.0021539688202829466,True
PIK3C2B,,,,0.005244628208231011,True
PIK3C2G,,,,0.008388275955938407,True
PIK3C3,,,,0.015713364553503917,False
PIK3CA,0.0,0.07777345925608344,True,0.01455204556337079,False
PIK3CB,,,,0.0028478630840097045,True
PIK3CD,,,,0.03518359558729197,False
PIK3CG,,,,0.018553705670217725,False
PIK3R1,0.0,0.012585596884253375,True,0.008304078508078735,True
PIK3R2,,,,0.03387570237338909,False
PIK3R4,,,,0.015997747465124144,False
PIKFYVE,,,,0.023489692030281784,False
PIM1,,,,0.06694251618200958,False
PIM2,,,,0.02535770997219552,False
PIM3,,,,0.0001350968289953108,True
PINK1,,,,0.029319515775171712,False
PIP4K2A,,,,0.019317112769891034,False
PIP4K2B,,,,0.014592101621338886,False
PIP4K2C,,,,0.0381866437665301,False
PIP5K1A,,,,0.019436546602535194,False
PIP5K1B,,,,0.014037483215760965,False
PIP5K1C,,,,0.054529611405373386,False
PIP5KL1,,,,0.06714147316064631,False
PKDCC,,,,0.02053920130709336,False
PKHD1,,,,0.0019009777755424103,True
PKMYT1,,,,2.5830324988522637e-05,True
PKN1,,,,0.01048522048286774,True
PKN2,,,,0.016186662250191015,False
PKN3,,,,0.025998320723625873,False
PLAG1,,,,0.011220533728875678,False
PLAT,,,,0.03303519868391544,False
PLCB2,,,,0.01019828010542851,True
PLCG1,,,,0.015326644436041988,False
PLCG2,,,,0.006203960623117843,True
PLD1,,,,0.012071958301301738,False
PLEKHA5,,,,0.020771430000875293,False
PLK1,,,,0.04077348711944828,False
PLK2,,,,-0.001661060294669058,True
PLK3,,,,0.014906806260922067,False
PLK4,,,,0.014982803740211405,False
PMAIP1,,,,1.7215570993784634e-05,True
PML,,,,0.022695762335305552,False
PMS1,,,,0.028926832674401253,False
PMS2,,,,0.03106628577279213,False
PNCK,,,,0.025685877773524268,False
PNMT,,,,0.025437621900460377,False
PORCN,,,,0.040764938153798294,False
POU2AF1,,,,0.029198413694277107,False
POU5F1,,,,0.0407834217766029,False
POU5F1B,,,,0.011493058642203834,False
PPAPDC1B,,,,0.04016666207646208,False
PPARA,,,,0.03926126118076151,False
PPARD,,,,0.011595113903931375,False
PPARG,,,,0.01932357441116497,False
PPARGC1A,,,,0.03454465409994628,False
PPM1E,,,,0.021554233760749032,False
PPP1R3A,,,,0.014387784253371314,False
PPP2CA,,,,8.558829374068482e-06,True
PPP3CA,,,,0.03233738011606074,False
PPP3CB,,,,0.030594971953057663,False
PPP3CC,,,,0.020565432756890833,False
PPP3R1,,,,0.02004698416750882,False
PPP3R2,,,,0.012005226509804763,False
PRAME,,,,0.008799355286919395,True
PRCC,,,,0.005327385943695672,True
PRDM16,,,,0.011230056514898659,False
PREX2,,,,0.0008726385703458157,True
PRKAA1,,,,0.04687934861317766,False
PRKAA2,,,,0.011025506666452673,False
PRKACA,,,,0.02188224878807378,False
PRKACB,,,,-0.004860817447409267,True
PRKACG,,,,0.01226048456757651,False
PRKAR1A,,,,0.0015517736622717544,True
PRKAR1B,,,,0.0004979395135741576,True
PRKCA,,,,0.009809648007385867,True
PRKCB,,,,0.0082612332671337,True
PRKCD,,,,0.0158285729170411,False
PRKCE,,,,0.01765219536738889,False
PRKCG,,,,0.009127004721126873,True
PRKCH,,,,0.011884191280352077,False
PRKCI,,,,0.027423853584111677,False
PRKCQ,,,,0.01924936991534483,False
PRKCZ,,,,0.036232572380390606,False
PRKD1,,,,0.006371661330054801,True
PRKD2,,,,0.030610522192391548,False
PRKD3,,,,0.024774071369670667,False
PRKDC,,,,-0.03056841530597678,True
PRKG1,,,,0.01017969171577412,True
PRKG2,,,,0.011676981935152205,False
PRKX,,,,0.025256229274718385,False
PRPF4B,,,,0.00333825056766188,True
PRRX1,,,,0.02426064013883357,False
PSEN1,,,,0.020639628364775956,False
PSEN2,,,,0.02143299779978798,False
PSENEN,,,,0.00014643521622097867,True
PSIP1,,,,0.004190720344502441,True
PSKH1,,,,0.01869328604540069,False
PSKH2,,,,0.010843612001900151,False
PSMA4,,,,5.1708267017522724e-05,True
PTCH1,,,,0.007081717097875735,True
PTCH2,,,,0.014882429626252351,False
PTEN,0.0,0.11854342050959449,True,0.00651104439945026,True
PTGS2,,,,0.004715409822098324,True
PTK2,,,,0.012993985613700925,False
PTK2B,,,,0.019917112015455003,False
PTK6,,,,0.03994257510011283,False
PTK7,,,,0.028772399356514253,False
PTPN1,,,,0.03123662186793343,False
PTPN11,,,,0.008049159850304818,True
PTPN22,,,,0.0012979298398862517,True
PTPRC,,,,0.015207599370173184,False
PTPRD,,,,0.00785739572783136,True
PTPRT,,,,0.010899818856410743,False
PTPRU,,,,0.011956422575025695,False
PTTG1,,,,0.00025562543862844546,True
PXDN,,,,0.005722998232474385,True
PXK,,,,0.02339929512847405,False
PXN,,,,0.01976736575329648,False
RAB15,,,,0.06744982996310102,False
RABEP1,,,,0.030676467316214016,False
RAC1,,,,0.035777235124140876,False
RAD21,,,,0.04413902109853075,False
RAD50,,,,0.003298177381127861,True
RAD51,,,,0.0002038220777758355,True
RAD51L1,,,,0.0337487235751778,False
RAF1,,,,0.02417274553348168,False
RAG1,,,,0.017290930020943396,False
RAGE,,,,0.04439706578325076,False
RALA,,,,0.06699776380561868,False
RALB,,,,0.052142269707685374,False
RALBP1,,,,0.029382961813803562,False
RALGDS,,,,0.0005840975031324909,True
RANBP17,,,,0.02530654913528926,False
RANBP9,,,,0.030045420007687642,False
RAP1GDS1,,,,0.017113608196421493,False
RAPGEF2,,,,0.013599559335649873,False
RARA,,,,0.013317020647369159,False
RARB,,,,0.03452796091036086,False
RARG,,,,0.02981036187004184,False
RASA1,,,,0.01391218084747525,False
RASA3,,,,0.022515353873290334,False
RASGRF1,,,,0.021179289397984892,False
RASGRF2,,,,0.005327088912996971,True
RB1,0.0,0.11544209864126843,True,0.013762105857280871,False
RBBP8,,,,0.03515036495044711,False
RBL1,,,,0.017839362843409545,False
RBL2,,,,0.012548539616280021,False
RBM15,,,,0.020780706491955687,False
RBPJ,,,,0.014435665811089344,False
RCBTB2,,,,0.028576567261720354,False
RECQL4,,,,0.0011472277812931088,True
REL,,,,0.01780633691275794,False
RELA,,,,0.009112141792012508,True
REM1,,,,0.019129529915855144,False
RET,,,,0.012779477635406749,False
RFC4,,,,0.04087812812009646,False
RGL1,,,,0.015612990727029357,False
RGL2,,,,0.003359529520389951,True
RGL3,,,,0.000149931912847674,True
RGL4,,,,0.01887504146079908,False
RGS22,,,,0.015167688884784822,False
RHEB,,,,0.00015276396721174645,True
RHOA,,,,0.030910239592723165,False
RHOH,,,,0.040773906604468634,False
RHPN2,,,,0.01971339696761108,False
RICTOR,,,,0.012002487923267455,False
RIF1,,,,0.0069861019771051865,True
RIMS2,,,,0.0017446123597352767,True
RIOK1,,,,0.016662304690976123,False
RIOK2,,,,0.02757288859154509,False
RIOK3,,,,0.014626309770260687,False
RIPK1,,,,0.010088058990072262,True
RIPK2,,,,0.008722083702801888,True
RIPK3,,,,0.01610797330235419,False
RIPK4,,,,0.016838828637180503,False
RNASEL,,,,0.019984605120563898,False
RNF130,,,,0.039416132342273,False
ROBO1,,,,0.0017909918881241654,True
ROBO2,,,,0.008530599218276156,True
ROCK1,,,,0.0034006513531240562,True
ROCK2,,,,0.002797936952031491,True
ROR1,,,,0.023199236007271907,False
ROR2,,,,0.01963588021276614,False
ROS1,,,,0.017059929240911424,False
RPGRIP1,,,,0.013564230143939407,False
RPL22,,,,0.015421937395099696,False
RPN1,,,,0.011106565084971376,False
RPS6,,,,0.02269752512233972,False
RPS6KA1,,,,0.019199539424524185,False
RPS6KA2,,,,0.02047261372274748,False
RPS6KA3,,,,0.00048530951133152547,True
RPS6KA4,,,,0.01722933583954575,False
RPS6KA5,,,,0.031083600798016135,False
RPS6KA6,,,,0.023034741107344988,False
RPS6KB1,,,,0.02280762189117021,False
RPS6KB2,,,,0.017379649504299984,False
RPS6KC1,,,,0.003705082463597829,True
RPS6KL1,,,,0.04344066129260395,False
RPTOR,,,,0.012772957034344869,False
RRM2,,,,0.00024409043890960585,True
RUNX1,0.0,0.0028248474382039576,True,0.0391722251873327,False
RUNX1T1,,,,0.00801890385073372,True
RUNX2,,,,0.033467421517683935,False
RXRA,,,,0.010581885538748852,True
RYK,,,,0.023114526831537755,False
SACS,,,,0.0033518928771700384,True
SBDS,,,,0.03357473443748712,False
SBK1,,,,0.040256601294967796,False
SBK2,,,,0.0004141183582585408,True
SCARA5,,,,0.02586291398296178,False
SCD,,,,0.04039487866850355,False
SCD5,,,,0.02537632334196608,False
SCRIB,,,,0.014332470492710976,False
SCYL1,,,,0.00956355954582829,True
SCYL2,,,,0.016304059795347783,False
SCYL3,,,,0.01018264250752151,True
SDCCAG8,,,,4.3296604875824145e-06,True
SDHB,,,,7.684239685790405e-05,True
SDHC,,,,0.04004609424359609,False
SDHD,,,,0.040225549209040055,False
SEMA3B,,,,0.03459228426594448,False
SEMA5B,,,,0.022241274527704465,False
SEPT3,,,,0.03138327862576637,False
SEPT5,,,,0.01479057634498564,False
SEPT6,,,,0.036871078508369355,False
SEPT9,,,,0.01134551785393017,False
SERPINA12,,,,0.014795930943956658,False
SERPINB1,,,,0.02678043726489143,False
SERPINB4,,,,0.0029372727475869527,True
SET,,,,0.0224878444864371,False
SETD2,0.0,0.002824847438203958,True,,
SETDB1,,,,0.010406934687462918,True
SFPQ,,,,0.05155977274328508,False
SFRS3,,,,0.025343917862572344,False
SGK1,,,,0.03410207176839354,False
SGK196,,,,0.015192869276955711,False
SGK2,,,,0.013053285339216184,False
SGK223,,,,0.01646823043044362,False
SGK269,,,,0.01024158649549297,True
SGK3,,,,0.024559114784685296,False
SGK494,,,,0.03157793715645022,False
SH3GL1,,,,-0.0039530841101107885,True
SHC1,,,,0.01756192384133712,False
SHH,,,,0.0260318275748994,False
SIK1,,,,0.03728030135073007,False
SIK2,,,,0.017893374856512788,False
SIK3,,,,0.019541854762583633,False
SIRT1,,,,0.04110594344126354,False
SIX4,,,,0.012635434591205922,False
SKIL,,,,0.006737730735461702,True
SKP2,,,,0.0297268253269911,False
SLC14A1,,,,0.019059903793010684,False
SLC22A15,,,,0.027116665583494338,False
SLC22A3,,,,0.001329778628887631,True
SLC29A1,,,,0.015251980668742594,False
SLC45A3,,,,0.024171411629379892,False
SLC6A8,,,,0.022687596415123537,False
SLCO4A1,,,,0.010647887905255149,True
SLK,,,,0.018239442448610418,False
SMAD2,,,,0.023496937745971506,False
SMAD3,,,,0.028496966854903816,False
SMAD4,0.0,0.040689823737533604,True,0.029968377334210313,False
SMAD7,,,,0.022530590737305557,False
SMARCA4,0.0,0.016708672081291495,True,0.008681309032821813,True
SMARCB1,1.0,,False,0.00037228424501303256,True
SMC2,,,,0.022450882311071445,False
SMG1,,,,0.005807433067790728,True
SMO,0.0,0.0,False,0.04235020481217048,False
SMURF1,,,,0.019117914459185203,False
SMURF2,,,,0.006700469746879666,True
SNRK,,,,0.028556950132695116,False
SNX19,,,,0.02462208566756391,False
SOCS1,0.0,0.0014144271570014138,True,,
SOCS3,,,,0.03128118988335899,False
SORL1,,,,0.007034479572611587,True
SOS1,,,,0.01938012653274073,False
SOST,,,,0.025517350177530384,False
SOX10,,,,0.014375141051721526,False
SOX11,,,,0.033574583018589295,False
SOX2,,,,0.040659062454717,False
SP1,,,,0.01128993997353968,False
SP110,,,,0.05857977633277566,False
SP140,,,,0.020819765053807768,False
SPAG8,,,,8.656473829372936e-06,True
SPEG,,,,0.011293797859064944,False
SPEN,,,,0.003113510239214917,True
SPP1,,,,0.020625007231670735,False
SPRY2,,,,0.05219735543596892,False
SPTAN1,,,,0.014149985098710256,False
SRC,,,,0.05115660730460454,False
SRF,,,,0.03388142647670965,False
SRMS,,,,0.01690443586123814,False
SRPK1,,,,0.013704067039984938,False
SRPK2,,,,0.00924341641996046,True
SRPK3,,,,0.015290562932519115,False
SS18,,,,0.028058698020723128,False
SS18L1,,,,0.08962617551220406,False
SSU72,,,,0.00024143810569302068,True
SSX1,,,,0.04014500598085947,False
SSX4,,,,0.10010762894511557,False
STAC2,,,,0.0159518018976337,False
STAG3,,,,0.013048414566448369,False
STAR,,,,0.08157191150039549,False
STARD3,,,,0.018337930554190474,False
STAT1,,,,0.0007192947309312834,True
STAT3,,,,0.024563016615599814,False
STAT5A,,,,0.016287704834228037,False
STAT5B,,,,0.027864687794059203,False
STAT6,,,,0.007798099750742792,True
STIL,,,,0.018703599985415303,False
STK10,,,,0.003821382419840554,True
STK11,0.0,0.040689823737533604,True,0.01610559357299545,False
STK16,,,,0.029099398404215833,False
STK17A,,,,0.020399511021736448,False
STK17B,,,,0.030705008766587594,False
STK19,,,,0.029147541604232576,False
STK24,,,,0.0008106749982249476,True
STK25,,,,0.05836563562146559,False
STK3,,,,0.01587215189767071,False
STK31,,,,0.02342678689352946,False
STK32A,,,,0.03307253702310789,False
STK32B,,,,0.018554505191957962,False
STK32C,,,,0.04061760158083058,False
STK33,,,,0.015211798421998827,False
STK35,,,,0.04369393855289039,False
STK36,,,,0.025471296189907067,False
STK38,,,,0.029782453391203115,False
STK38L,,,,0.01701114389221374,False
STK39,,,,0.00034854625428323247,True
STK4,,,,0.012825466084895477,False
STK40,,,,0.022313561003617026,False
STRADA,,,,0.017507927937210142,False
STRADB,,,,0.022721991428136235,False
STRN4,,,,0.040648875620806366,False
STYK1,,,,0.014949254030332305,False
SUFU,,,,0.025013295609952083,False
SULF1,,,,0.006177487466486793,True
SULF2,,,,0.010686760984555795,False
SUZ12,,,,0.010855326095240984,False
SYK,,,,0.02744225410141303,False
TAB1,,,,0.036343336161701115,False
TAB2,,,,0.0040218288972443395,True
TACC3,,,,0.025770385260218204,False
TAF1,,,,0.025801145243559257,False
TAF15,,,,0.01436826038530754,False
TAF1L,,,,0.012725350970458012,False
TAL1,,,,0.037094083609174634,False
TAL2,,,,0.00027470844785681346,True
TAOK1,,,,0.015344736991024366,False
TAOK2,,,,0.020053211322702068,False
TAOK3,,,,0.012323121302741432,False
TBCK,,,,0.01304454739923131,False
TBK1,,,,0.001092078961610772,True
TBX18,,,,0.022455360622844863,False
TBX22,,,,0.014425150986576183,False
TCEA1,,,,0.010036801520712874,True
TCERG1L,,,,0.053531584912551194,False
TCF12,,,,0.027275679745758837,False
TCF21,,,,0.040525959835105256,False
TCF3,,,,0.012439426793123952,False
TCL1A,,,,0.00015519396668558965,True
TCL6,,,,0.04005975702182904,False
TEC,,,,0.0020574061415907876,True
TEK,,,,0.01603706943320274,False
TERT,,,,0.024902816691812546,False
TESK1,,,,0.022608745113951074,False
TESK2,,,,0.0035192456159800914,True
TET1,,,,0.00728044704645296,True
TET2,0.0,0.0042312608436076305,True,0.011662801194558405,False
TEX14,,,,0.0037424651832498805,True
TFDP1,,,,0.0333639071189056,False
TFE3,,,,0.0001665780735094742,True
TFEB,,,,0.0006111801151659965,True
TFG,,,,0.02642168478730739,False
TFPT,,,,0.05657819553232189,False
TFR2,,,,0.008625546683084717,True
TFRC,,,,0.011109890462638288,False
TG,,,,0.005427729240204941,True
TGFB1,,,,0.022875694597356697,False
TGFB2,,,,0.03129706787549772,False
TGFB3,,,,0.027748572973079002,False
TGFBR1,,,,0.03835696271449998,False
TGFBR2,,,,0.010612975310715245,True
TGS1,,,,0.004090043114290697,True
THBS3,,,,0.0340869959729252,False
THRAP3,,,,0.021098069285783942,False
THRSP,,,,0.10025857048485892,False
TIAM1,,,,0.003611646278965553,True
TIE1,,,,0.02169850488982002,False
TIMP3,,,,0.01862354839883066,False
TLE1,,,,0.022530681014588206,False
TLK1,,,,0.029794665532673438,False
TLK2,,,,0.028521387535383136,False
TLN1,,,,0.0028053656983466854,True
TLR3,,,,0.01040895693875112,True
TLR4,,,,0.017590496748225555,False
TLR7,,,,0.03980793962595156,False
TLR9,,,,0.05128083107510491,False
TLX1,,,,0.044835160772107294,False
TLX3,,,,0.040225237827809616,False
TMEM123,,,,0.06691459048742218,False
TMEM200A,,,,0.021219287202342185,False
TMEM74,,,,0.018819754417080965,False
TMPO,,,,0.016301113006579934,False
TMPRSS2,,,,0.055144917741575664,False
TNF,,,,0.033705828658097424,False
TNFAIP3,,,,0.016111507340994567,False
TNFRSF10B,,,,0.00024706047889648964,True
TNFRSF11B,,,,0.01702505789574747,False
TNFRSF12A,,,,2.5874037040669356e-05,True
TNFRSF13B,,,,0.031103393046246156,False
TNFRSF13C,,,,0.20032824219108045,False
TNFRSF17,,,,0.022598561350902463,False
TNFRSF18,,,,0.0001317950252364458,True
TNFRSF1A,,,,0.050539674308484966,False
TNFRSF1B,,,,0.0033043758763708323,True
TNFRSF4,,,,0.05047639064198657,False
TNFRSF8,,,,0.023216636815183548,False
TNFRSF9,,,,0.029251194461567587,False
TNFSF10,,,,0.029517472275694803,False
TNFSF11,,,,0.026890220429420478,False
TNIK,,,,0.015998269555292932,False
TNK1,,,,0.0005129868066163702,True
TNK2,,,,0.02873275696286405,False
TNKS2,,,,0.014399148899755193,False
TNN,,,,0.006985137173356662,True
TNNI3K,,,,0.012632286684163654,False
TNRC6B,,,,0.009575279225536665,True
TOE1,,,,8.552965276868452e-06,True
TOP1,,,,0.019596365603582758,False
TOP2A,,,,0.007469462649869617,True
TOP2B,,,,0.011264236260739606,False
TOPBP1,,,,0.0012938928072636804,True
TOX,,,,0.02019863912751614,False
TOX3,,,,0.014015781749703988,False
TP53,0.0,0.22544686682346904,True,0.0018993293672029596,True
TP53BP1,,,,-0.003439561376799873,True
TP53RK,,,,0.03443010065096626,False
TP63,,,,0.012576750753122814,False
TP73,,,,0.034405424969860245,False
TPH1,,,,0.005103160807601689,True
TPM3,,,,0.029021922161641595,False
TPM4,,,,0.02884305466992876,False
TPO,,,,0.020950044423278524,False
TPPP,,,,0.05791051569919294,False
TPR,,,,0.003343841731798804,True
TRADD,,,,0.040225223734990996,False
TRAF2,,,,0.008854387679676477,True
TRAF6,,,,0.03423314425554134,False
TRIB1,,,,0.022413223536727304,False
TRIB2,,,,0.009846449387118268,True
TRIB3,,,,0.017225687970522166,False
TRIM24,,,,0.013991944142714584,False
TRIM28,,,,0.009310468736868418,True
TRIM33,,,,0.02973272374356759,False
TRIM36,,,,0.009673883402737709,True
TRIM37,,,,0.009782589128137346,True
TRIM42,,,,0.0221595352252655,False
TRIM67,,,,0.015889080103991392,False
TRIO,,,,0.00698760568104258,True
TRIP11,,,,0.006606708043730218,True
TRIP13,,,,0.02064623829253339,False
TRPM6,,,,0.004021814179874967,True
TRPM7,,,,0.023506637858055048,False
TRPM8,,,,0.009134714487547416,True
TRPS1,,,,0.011900370325911635,False
TRRAP,,,,0.0049013169364107234,True
TSC1,0.0,0.0056336673732124325,True,0.0015997052106265861,True
TSC2,,,,0.006665646485239794,True
TSHR,,,,0.018641257447699972,False
TSSK1B,,,,0.009719758582535312,True
TSSK2,,,,0.00788316591241534,True
TSSK3,,,,0.012514666406742066,False
TSSK4,,,,0.000309176250834962,True
TSSK6,,,,0.03713901157895659,False
TTBK1,,,,0.021470763326931777,False
TTBK2,,,,0.008666197135860879,True
TTK,,,,0.008312985390619943,True
TTL,,,,0.02745258666225432,False
TTN,,,,0.0026512035183499315,True
TUFT1,,,,0.04069020221709724,False
TWF1,,,,0.0006942251979013615,True
TWF2,,,,0.10085017781981023,False
TXK,,,,0.02510890279470609,False
TYK2,,,,0.01190034626951277,False
TYRO3,,,,0.04624341238970418,False
UBE2O,,,,0.01265343351169601,False
UBE3B,,,,0.013470271250700045,False
UBR5,,,,0.002795329088917215,True
UHMK1,,,,0.02679566659655698,False
ULK1,,,,0.008925958305310325,True
ULK2,,,,0.008194543955397683,True
ULK3,,,,0.06699762423186,False
ULK4,,,,0.003193802434975523,True
UNC13C,,,,0.003010746763122724,True
URB2,,,,0.0028259478470973676,True
USP6,,,,0.012943804071493831,False
VAV1,,,,0.008283776437552477,True
VCPIP1,,,,0.023533787705396596,False
VDAC1,,,,0.022658422334996084,False
VDR,,,,0.028083261920864664,False
VEGFA,,,,0.025299679285323378,False
VEGFC,,,,-0.03428435097095961,True
VHL,0.0,0.009816845707233611,True,0.050242003061362554,False
VPS13B,,,,0.0074500455284875165,True
VRK1,,,,0.022749553890579564,False
VRK2,,,,0.022120553546662446,False
VRK3,,,,0.01962182106635006,False
WAS,,,,0.02936092589462966,False
WBP4,,,,0.038958192462779755,False
WDHD1,,,,0.015218784109814478,False
WEE1,,,,0.006485584532775781,True
WEE2,,,,0.03339734086222568,False
WHSC1,,,,0.015762668761841053,False
WHSC1L1,,,,0.02121064387101812,False
WIF1,,,,0.0023192164624820932,True
WLS,,,,0.03690748766186272,False
WNK1,,,,-0.0006585886354100485,True
WNK2,,,,0.01904122370081335,False
WNK3,,,,0.010769477587739483,False
WNK4,,,,0.01339746708781786,False
WNT1,,,,0.018688273615600597,False
WRN,,,,0.011758297551895315,False
WT1,,,,0.033857277079546486,False
XIAP,,,,0.020939647312537498,False
XPA,,,,8.65709616501198e-05,True
XPC,,,,-0.000296892847105048,True
XPO4,,,,0.019887416839953317,False
XPO5,,,,0.009212381930525784,True
YAP1,,,,0.027390086746451284,False
YES1,,,,0.022724521291870234,False
YSK4,,,,0.01397425322135242,False
YWHAH,,,,0.0073509921856674005,True
YWHAQ,,,,0.10029734455943415,False
ZAK,,,,0.008406761950801353,True
ZAP70,,,,0.02011898861530222,False
ZBTB16,,,,0.015763856511032695,False
ZFYVE9,,,,0.03492535825168129,False
ZMYM2,,,,0.012137703316282524,False
ZMYND10,,,,0.00017701000308744893,True
ZNF217,,,,0.010516517460506157,True
ZNF331,,,,0.04506241407080665,False
ZNF384,,,,0.012456949865060869,False
ZNF423,,,,0.01023433192746625,True
ZNF497,,,,0.0003114800833314835,True
ZNF521,,,,0.009175939242013218,True
ZNF608,,,,0.0002128694592994849,True
ZNF643,,,,0.012797652097426969,False
ZNF668,,,,0.0004085114155115889,True
