sample_id,variable,class_label,probability,known_label,predicted_label,split
RERF-LC-KJ,Erlotinib,,,,0.04475339502096176,train
KMS-11,Erlotinib,,,0.0,0.09263988584280014,train
NCI-H2126,Erlotinib,,,,0.03818589821457863,train
YD-10B,Erlotinib,,,,0.06938806176185608,train
Namalwa,Erlotinib,,,,0.03332451730966568,train
WM793,Erlotinib,,,0.0280512493673766,0.05338697507977486,train
IGR-37,Erlotinib,,,0.0326273087860175,0.015741940587759018,train
SBC-5,Erlotinib,,,0.0039550034889971,0.014897119253873825,train
J82,Erlotinib,,,0.0431609284809773,0.00617230124771595,train
Kelly,Erlotinib,,,0.0,0.027697686105966568,train
COR-L51,Erlotinib,,,,0.041234586387872696,train
Hs 229.T,Erlotinib,,,0.0,0.015860889106988907,train
NCI-H226,Erlotinib,,,0.0059545026920058,0.013527492061257362,train
22Rv1,Erlotinib,,,0.0050320973958801,0.0128856236115098,train
EPLC-272H,Erlotinib,,,,0.0509318932890892,train
EB2,Erlotinib,,,0.0512378600325254,0.024344436824321747,train
COR-L279,Erlotinib,,,,0.046359237283468246,train
NCI-H889,Erlotinib,,,,0.06569808721542358,train
COR-L88,Erlotinib,,,,0.024091320112347603,train
PK-59,Erlotinib,,,0.0396791309079114,0.03757663816213608,train
HEC-265,Erlotinib,,,0.0,0.01263484451919794,train
SNU-16,Erlotinib,,,0.0470671048886958,0.10558594763278961,train
CMK-86,Erlotinib,,,0.0731526974712473,0.04161592200398445,train
Hs 618.T,Erlotinib,,,,0.04220631718635559,train
MOG-G-UVW,Erlotinib,,,,0.0571109764277935,train
PC-3,Erlotinib,,,0.0519043608550188,0.14720065891742706,train
SW1783,Erlotinib,,,,0.049096204340457916,train
NCI-H2106,Erlotinib,,,,0.01752694509923458,train
CHP-126,Erlotinib,,,,0.029739290475845337,train
NCI-H2444,Erlotinib,,,0.0568650212005285,0.03846810758113861,train
JM-1,Erlotinib,,,0.0363750000000003,0.02494325116276741,train
Panc 10.05,Erlotinib,,,0.0565475629518381,0.047344841063022614,train
CCF-STTG1,Erlotinib,,,,0.009539250284433365,train
A-375,Erlotinib,,,0.0345979103829177,0.055016059428453445,train
VMRC-RCZ,Erlotinib,,,0.0380711745358432,0.033924710005521774,train
NCI-H647,Erlotinib,,,0.0064603721947235,0.019934995099902153,train
LN-18,Erlotinib,,,0.0657183372035689,0.04436942934989929,train
SLR23,Erlotinib,,,,0.0007709506317041814,train
G-402,Erlotinib,,,0.0035938457120128,0.019854847341775894,train
TT2609-C02,Erlotinib,,,0.0764294419818976,0.11078295111656189,train
Hs 294T,Erlotinib,,,0.0316242507584862,0.016700871288776398,train
Kasumi-1,Erlotinib,,,,0.022408651188015938,train
HT-1197,Erlotinib,,,0.0581736015518673,0.06375499814748764,train
TOV-21G,Erlotinib,,,0.0680697732550301,0.03931761160492897,train
NCI-H1930,Erlotinib,,,,0.028076928108930588,train
SNU-C2A,Erlotinib,,,0.0947523608802268,0.0749979093670845,train
SW780,Erlotinib,,,0.122386456001102,0.1683107316493988,train
L-540,Erlotinib,,,,0.028506964445114136,train
EWS-502,Erlotinib,,,,0.03660564124584198,train
Karpas-620,Erlotinib,,,0.0213122057174258,0.040654316544532776,train
BCP-1,Erlotinib,,,,0.023358382284641266,train
OVKATE,Erlotinib,,,,-0.0029584835283458233,train
NCI-H2029,Erlotinib,,,,0.04036780446767807,train
HK-2 [Human kidney],Erlotinib,,,,0.03936047852039337,train
NCI-H1355,Erlotinib,,,0.170404319767082,0.16564127802848816,train
CAL-29,Erlotinib,,,,0.0332912877202034,train
HLE,Erlotinib,,,0.0274767936306091,0.01431206613779068,train
NCI-H1836,Erlotinib,,,,0.1050252914428711,train
Calu-3,Erlotinib,,,0.139699599142118,0.14292044937610626,train
JHUEM-3,Erlotinib,,,,0.04173729196190834,train
OCI-AML-3,Erlotinib,,,,0.0521678552031517,train
BICR 22,Erlotinib,,,,0.02979268506169319,train
MOLT-13,Erlotinib,,,,0.0525624081492424,train
NCI-H1339,Erlotinib,,,0.0038380460953742,0.034438975155353546,train
NCI-H1792,Erlotinib,,,0.0354342546126242,0.02016696333885193,train
HCC38,Erlotinib,,,,0.10663019865751266,train
A2780,Erlotinib,,,0.0182631271735792,0.0365944504737854,train
UT-7,Erlotinib,,,,0.10976558923721313,train
ML-1 [Human thyroid carcinoma],Erlotinib,,,,0.047514908015728,train
P12-Ichikawa,Erlotinib,,,0.0423395601743679,0.03631804883480072,train
KS-1 [Human glioblastoma],Erlotinib,,,,0.012852762825787067,train
SNU-1077,Erlotinib,,,,0.03747740015387535,train
MM1.S,Erlotinib,,,,0.06773023307323456,train
COR-L47,Erlotinib,,,,0.014722272753715515,train
HCC15,Erlotinib,,,0.027726216792311,0.052475523203611374,train
SCC-25,Erlotinib,,,,0.10720153152942657,train
EBC-1,Erlotinib,,,0.0454726012161155,0.045465484261512756,train
HuP-T3,Erlotinib,,,0.0448855558355754,0.021278424188494682,train
TE-14,Erlotinib,,,,0.02999732457101345,train
LNCaP clone FGC,Erlotinib,,,,0.05804327130317688,train
HCC1419,Erlotinib,,,,0.14091843366622925,train
NCI-H1703,Erlotinib,,,0.0569925607990749,0.00874424446374178,train
SNU-878,Erlotinib,,,,0.03736095875501633,train
KYSE-140,Erlotinib,,,0.290069558925785,0.277275025844574,train
MeWo,Erlotinib,,,0.0,0.04417446255683899,train
OC 316,Erlotinib,,,0.0341578512748455,0.06386864185333252,train
SK-N-SH,Erlotinib,,,0.0330358225676597,0.03827178478240967,train
U-87MG ATCC,Erlotinib,,,0.0,0.022414768114686012,train
HuH-6 Clone 5,Erlotinib,,,,0.05701439082622528,train
JHOM-1,Erlotinib,,,,0.15213528275489807,train
HCC44,Erlotinib,,,0.006897030803354,0.026885271072387695,train
Ku812,Erlotinib,,,0.0324607245661844,0.03163643926382065,train
CML-T1,Erlotinib,,,,0.008148405700922012,train
T84,Erlotinib,,,0.0637663383324368,0.11274722963571548,train
RERF-LC-Ad1,Erlotinib,,,,0.03702646866440773,train
BT-20,Erlotinib,,,0.135831213554948,0.1439354419708252,train
HCC1599,Erlotinib,,,,0.040407445281744,train
RL,Erlotinib,,,,0.02583957649767399,train
SJSA-1,Erlotinib,,,0.0369315976788424,0.027776159346103668,train
KLE,Erlotinib,,,0.0871332926716541,0.09876134991645813,train
MOLP-2,Erlotinib,,,,0.04347897320985794,train
NCI-H716,Erlotinib,,,,0.0430394783616066,train
P3HR-1,Erlotinib,,,0.0,0.030215248465538025,train
CPC-N,Erlotinib,,,,-9.649863932281733e-05,train
JHH-4,Erlotinib,,,0.0546806254132545,0.13251444697380066,train
RERF-LC-MS,Erlotinib,,,0.0,0.03560018166899681,train
SNU-489,Erlotinib,,,,0.020563343539834023,train
A2058,Erlotinib,,,0.0203164321242007,-0.004310480318963528,train
MPP 89,Erlotinib,,,0.0190493875298152,0.04119512811303139,train
HSC-2,Erlotinib,,,0.0718212186324384,0.057047706097364426,train
Ri-1,Erlotinib,,,,0.03068935126066208,train
Granta-519,Erlotinib,,,0.0327026256903496,0.029225483536720276,train
769-P,Erlotinib,,,0.25329984948657,0.043431319296360016,train
G-292 clone A141B1,Erlotinib,,,,0.037922453135252,train
HARA [Human squamous cell lung carcinoma],Erlotinib,,,0.1139355773964,0.12893065810203552,train
C2BBe1,Erlotinib,,,0.159842685884974,0.1095951721072197,train
COLO 775,Erlotinib,,,,0.050890401005744934,train
KMM-1,Erlotinib,,,0.0068735760231036,0.06422571837902069,train
BL-70,Erlotinib,,,0.0071939968305693,0.076289102435112,train
NCI-H2081,Erlotinib,,,,0.08448819816112518,train
RL95-2,Erlotinib,,,0.217167068821168,0.10271594673395157,train
SNU-449,Erlotinib,,,0.0585179792211455,0.13801008462905884,train
HCC78,Erlotinib,,,0.0077521003033489,0.013289697468280792,train
BT-483,Erlotinib,,,,0.04442290961742401,train
BL-41,Erlotinib,,,0.0095987380447434,0.03802148252725601,train
TEN,Erlotinib,,,0.0,0.057046182453632355,train
Hs 578T,Erlotinib,,,0.0132344841789967,0.039506442844867706,train
MDA-MB-435,Erlotinib,,,0.0032447247819237,0.024111978709697723,train
Ci-1,Erlotinib,,,0.0,0.02262752503156662,train
8305C,Erlotinib,,,0.0298521375705681,0.052087705582380295,train
59M,Erlotinib,,,,0.034254129976034164,train
C32 [Human melanoma],Erlotinib,,,0.0396979745149343,0.029487352818250656,train
Mino,Erlotinib,,,0.123214185346362,0.04768454283475876,train
CMK-11-5,Erlotinib,,,,0.0524957999587059,train
EJM,Erlotinib,,,,0.04623287171125412,train
KMRC-3,Erlotinib,,,,0.044188741594552994,train
SW1353,Erlotinib,,,0.0042658209862159,0.07436194270849228,train
NCI-H1781,Erlotinib,,,,0.030077334493398666,train
UM-UC-3,Erlotinib,,,0.0,0.028176674619317055,train
SNU-478,Erlotinib,,,,0.08149625360965729,train
SLR21,Erlotinib,,,,0.018703626468777657,train
NB4,Erlotinib,,,,0.06259358674287796,train
AGS,Erlotinib,,,,0.050898317247629166,train
RCH-ACV,Erlotinib,,,,0.022306807339191437,train
OAW42,Erlotinib,,,,0.02534247562289238,train
SW837,Erlotinib,,,,0.033576011657714844,train
KE-37,Erlotinib,,,,0.04327041655778885,train
EC-GI-10,Erlotinib,,,,0.1644432246685028,train
DU4475,Erlotinib,,,,0.12672558426856995,train
Panc 05.04,Erlotinib,,,,0.05716295540332794,train
UM-RC-2,Erlotinib,,,,0.040221720933914185,train
NCI-H2342,Erlotinib,,,,0.11025906354188919,train
KP-N-SI9s,Erlotinib,,,0.0729198755695362,0.030698386952280998,train
DMS 79,Erlotinib,,,,0.044731929898262024,train
Mel JuSo,Erlotinib,,,,0.07667528837919235,train
MDA-MB-436,Erlotinib,,,0.0656501567842006,0.056823909282684326,train
CCK-81,Erlotinib,,,0.207388862765003,0.12896054983139038,train
HEC-151,Erlotinib,,,0.243795907921615,0.08127576112747192,train
QGP-1,Erlotinib,,,0.0604716766752486,0.04852280765771866,train
NCI-H2227,Erlotinib,,,,0.040100764483213425,train
JURL-MK1,Erlotinib,,,,0.038790762424468994,train
KYSE-270,Erlotinib,,,,0.029725641012191772,train
SNU-738,Erlotinib,,,,0.036571674048900604,train
COR-L24,Erlotinib,,,,0.04146633669734001,train
NCI-H2110,Erlotinib,,,,0.03926198184490204,train
IM95,Erlotinib,,,,0.0046806419268250465,train
OS-RC-2,Erlotinib,,,,0.07324966043233871,train
CJM [Human melanoma],Erlotinib,,,,0.10139153152704239,train
IST-Mes1,Erlotinib,,,0.0301124999999999,0.03467303514480591,train
WM1799,Erlotinib,,,0.0431675041314747,0.0017137136310338974,train
DBTRG-05MG,Erlotinib,,,0.0295293703939529,0.044405609369277954,train
Mono-Mac-6,Erlotinib,,,,0.029162690043449402,train
AN3-CA,Erlotinib,,,0.0336364536691071,0.02451961673796177,train
L-1236,Erlotinib,,,,0.051562968641519547,train
SUIT-2,Erlotinib,,,0.12975502270627,0.03524227440357208,train
NCI-H1648,Erlotinib,,,0.0904114667864765,0.20012588798999786,train
NCI-H28,Erlotinib,,,0.269475623753143,0.040588218718767166,train
AML-193,Erlotinib,,,,0.044402115046978,train
GSS,Erlotinib,,,,0.13856665790081024,train
RCC10RGB,Erlotinib,,,,0.13155663013458252,train
BFTC-909,Erlotinib,,,0.0269900860312162,0.057728588581085205,train
Caov-3,Erlotinib,,,,0.017898906022310257,train
NCI-H1838,Erlotinib,,,,0.05599672347307205,train
HuH-1,Erlotinib,,,0.0410050329319411,0.03326160088181496,train
COR-L105,Erlotinib,,,0.184419137598666,0.18590855598449707,train
OCI-M1,Erlotinib,,,,0.0633232519030571,train
Hs 863.T,Erlotinib,,,,0.039865754544734955,train
TGBC11TKB,Erlotinib,,,,0.014945557340979576,train
NCI-H810,Erlotinib,,,0.0,0.0004885336966253817,train
ALL-SIL,Erlotinib,,,0.0796000295460968,0.04178522899746895,train
HPAF-II,Erlotinib,,,0.0623307309772142,0.07643246650695801,train
Hs 343.T,Erlotinib,,,,0.05465792119503021,train
SNU-840,Erlotinib,,,,0.08152927458286285,train
YKG-1,Erlotinib,,,0.0378246556038961,0.034342192113399506,train
SNU-423,Erlotinib,,,0.0353444847840811,0.009598907083272934,train
Mel Ho,Erlotinib,,,0.0213248501074773,0.006856605410575867,train
Caki-1,Erlotinib,,,,0.049863651394844055,train
GP2d,Erlotinib,,,,0.06670909374952316,train
SNU-410,Erlotinib,,,,0.049251049757003784,train
F-36P,Erlotinib,,,0.0167801670068449,0.02054080367088318,train
NCI-H2085,Erlotinib,,,0.0529470600289252,0.039397988468408585,train
BICR 18,Erlotinib,,,,0.07387980818748474,train
HuH-28,Erlotinib,,,,0.05301970615983009,train
NCI-H524,Erlotinib,,,,0.11128049343824387,train
NCI-H596,Erlotinib,,,,0.04219293221831322,train
SNU-601,Erlotinib,,,,0.07230076193809509,train
OVTOKO,Erlotinib,,,0.105820028525121,0.07380519807338715,train
COLO 741,Erlotinib,,,0.105133052270533,0.09942885488271713,train
Calu-1,Erlotinib,,,0.0088052462003865,0.019210821017622948,train
PE/CA-PJ15,Erlotinib,,,,0.02148483693599701,train
COLO 800,Erlotinib,,,,0.007800660561770201,train
Hs 839.T,Erlotinib,,,,0.027204670011997223,train
NCI-H2066,Erlotinib,,,,0.01693880930542946,train
RKO,Erlotinib,,,0.0046315843924956,0.01959320157766342,train
MES-SA,Erlotinib,,,0.0021052305869831,0.05267353355884552,train
A-704,Erlotinib,,,,0.04546858370304108,train
Kuramochi,Erlotinib,,,0.0934454016671447,0.035350460559129715,train
TE-9,Erlotinib,,,0.0809057812802422,0.0997285544872284,train
GDM-1,Erlotinib,,,,0.043758098036050797,train
NCI-H1915,Erlotinib,,,0.0466802928699457,0.04053029045462608,train
NUGC-2,Erlotinib,,,,0.15289588272571564,train
1321N1,Erlotinib,,,0.0588349285319097,0.10767275840044022,train
TUHR4TKB,Erlotinib,,,,0.04035975784063339,train
LC-1F,Erlotinib,,,,0.013272101059556007,train
OE33,Erlotinib,,,0.0994217425891791,0.04576912894845009,train
HEC-251,Erlotinib,,,0.0692984705132535,0.0006271898746490479,train
NCI-H146,Erlotinib,,,,0.058828942477703094,train
NCI-H838,Erlotinib,,,,0.0690075233578682,train
HuTu 80,Erlotinib,,,,0.1575617790222168,train
BC-3C,Erlotinib,,,,0.03914794325828552,train
PLC/PRF/5,Erlotinib,,,0.0886662101862819,0.06987383961677551,train
Reh,Erlotinib,,,0.0072748198316787,0.002199237933382392,train
SK-MEL-24,Erlotinib,,,0.0174420687459357,0.02486869879066944,train
SU.86.86,Erlotinib,,,0.0552695916589043,0.060980260372161865,train
Hs 821.T,Erlotinib,,,,0.027838513255119324,train
786-O,Erlotinib,,,0.0173998808952982,0.008391940034925938,train
BJ1-hTERT,Erlotinib,,,,0.027925100177526474,train
GOS-3,Erlotinib,,,,0.024310829117894173,train
COLO 829,Erlotinib,,,,0.034529414027929306,train
HCC1195,Erlotinib,,,,0.07996771484613419,train
NCI-H2405,Erlotinib,,,,0.034870367497205734,train
GSU,Erlotinib,,,,0.04071135073900223,train
MFE-319,Erlotinib,,,0.262087844354188,0.03878355771303177,train
NCI-H1581,Erlotinib,,,0.0,0.013423253782093525,train
SK-OV-3,Erlotinib,,,0.0792475338990637,0.06025245040655136,train
T3M-4,Erlotinib,,,,0.03947392851114273,train
SKM-1,Erlotinib,,,,0.13063250482082367,train
SNU-886,Erlotinib,,,,0.033683255314826965,train
NCI-H1105,Erlotinib,,,,0.034022290259599686,train
SW900,Erlotinib,,,0.0325738478208323,0.11614962667226791,train
NCI-H1623,Erlotinib,,,,0.034919481724500656,train
TUHR14TKB,Erlotinib,,,,0.0418388731777668,train
NCI-N87,Erlotinib,,,0.0916116474473374,0.035193510353565216,train
SK-MEL-30,Erlotinib,,,0.0053500624689049,0.03505542129278183,train
RMUG-S,Erlotinib,,,,0.026289653033018112,train
NCI-H1155,Erlotinib,,,0.0644206799838463,0.03535132110118866,train
ZR-75-30,Erlotinib,,,0.0,0.02791842818260193,train
HT-1080,Erlotinib,,,0.0153929865687471,0.022978492081165314,train
HCC366,Erlotinib,,,,-0.002286718226969242,train
CL-11,Erlotinib,,,,0.026015091687440872,train
PE/CA-PJ49,Erlotinib,,,,0.0740574300289154,train
NCI-H1694,Erlotinib,,,0.0,0.08567161858081818,train
TC-71,Erlotinib,,,0.0,0.05056959390640259,train
UACC-893,Erlotinib,,,,0.09962871670722961,train
Becker,Erlotinib,,,,0.1243237853050232,train
SW1573,Erlotinib,,,0.0707136922847403,0.028177227824926376,train
SW1990,Erlotinib,,,0.0523590286694586,0.041278257966041565,train
D341 Med,Erlotinib,,,,0.04043063521385193,train
T-47D,Erlotinib,,,0.0661278856063201,0.12124612927436829,train
HCC2157,Erlotinib,,,,0.0521085187792778,train
DAN-G,Erlotinib,,,,0.023769374936819077,train
KMS-18,Erlotinib,,,,0.035352710634469986,train
NCI-H520,Erlotinib,,,0.0,0.008834389969706535,train
ME-1 [Human leukemia],Erlotinib,,,,0.03608860820531845,train
SU-DHL-10,Erlotinib,,,0.0,0.031024351716041565,train
NCI-H1666,Erlotinib,,,0.379534141507989,0.32962438464164734,train
LAMA-84,Erlotinib,,,,0.03907033056020737,train
NCI-H2228,Erlotinib,,,0.111220297000768,0.14501270651817322,train
SNU-C1,Erlotinib,,,,0.026801183819770813,train
G-361,Erlotinib,,,0.078325331356097,0.0355183444917202,train
M059K,Erlotinib,,,,0.018044568598270416,train
HCC1937,Erlotinib,,,,0.07710684090852737,train
SNU-1214,Erlotinib,,,,0.090144582092762,train
LUDLU-1,Erlotinib,,,0.214790275430073,0.16556264460086823,train
NCI-H460,Erlotinib,,,0.0156850277955704,0.01986576057970524,train
MDA-MB-231,Erlotinib,,,,0.018893977627158165,train
TE-11,Erlotinib,,,0.256996908787732,0.15710359811782837,train
U-937,Erlotinib,,,0.0519285040835947,0.02284860797226429,train
LS513,Erlotinib,,,,0.015917781740427017,train
HCC1171,Erlotinib,,,,0.035382963716983795,train
COV434,Erlotinib,,,,0.042061518877744675,train
MDA-MB-453,Erlotinib,,,0.0290113401400771,0.1774236410856247,train
ONS-76,Erlotinib,,,0.0214716122271844,0.025234773755073547,train
Huh-7,Erlotinib,,,,0.03821771591901779,train
MHH-NB-11,Erlotinib,,,,0.08820344507694244,train
MC116,Erlotinib,,,0.0,-0.02152111381292343,train
COLO 684,Erlotinib,,,,0.03384462743997574,train
RVH-421,Erlotinib,,,0.0070321023866841,0.02741263434290886,train
SCC-4,Erlotinib,,,,0.27422258257865906,train
TE-4,Erlotinib,,,,0.021746885031461716,train
OPM-2,Erlotinib,,,0.0670311385708233,0.03185361623764038,train
SNU-685,Erlotinib,,,,0.045202311128377914,train
PrEC LH,Erlotinib,,,,0.028747044503688812,train
MOG-G-CCM,Erlotinib,,,0.0,0.009319699369370937,train
CAL-51,Erlotinib,,,,0.038394663482904434,train
BT-474,Erlotinib,,,0.0537926082643491,0.028104417026042938,train
MCAS,Erlotinib,,,0.028530477754127,0.035879816859960556,train
HCT 15,Erlotinib,,,0.0513580719604864,0.03310941904783249,train
SW1417,Erlotinib,,,0.0119077730879152,0.05613104626536369,train
RD,Erlotinib,,,0.0021772616522563,0.016311733052134514,train
KYSE-70,Erlotinib,,,0.171711681503882,0.1489952653646469,train
MKN1,Erlotinib,,,,0.009114833548665047,train
VMRC-LCD,Erlotinib,,,9.30474122692297e-16,0.039879847317934036,train
HEY A8,Erlotinib,,,0.0154558399513439,0.05848274379968643,train
PL-21,Erlotinib,,,,0.04503913223743439,train
MHH-ES-1,Erlotinib,,,0.0877176325400873,0.04466840624809265,train
NCI-H1755,Erlotinib,,,,0.015486272051930428,train
HCC202,Erlotinib,,,,0.052711211144924164,train
AMO1,Erlotinib,,,0.0405618113899816,0.03523840755224228,train
SK-N-MC,Erlotinib,,,,0.03984712064266205,train
KCL-22,Erlotinib,,,0.045496630596638,0.03441133350133896,train
SLR20,Erlotinib,,,,0.06850633025169373,train
KP-2,Erlotinib,,,0.0396461943962427,0.06055290251970291,train
U266B1,Erlotinib,,,,0.031022194772958755,train
42-MG-BA,Erlotinib,,,0.0910999117227594,0.09231606870889664,train
Capan-1,Erlotinib,,,,0.08774936199188232,train
KNS-81-FD,Erlotinib,,,0.0065135250637065,0.034024178981781006,train
HTK-,Erlotinib,,,,0.05510726571083069,train
NCI-H322,Erlotinib,,,0.305784120047208,0.3077983856201172,train
U-178MG,Erlotinib,,,,0.043708864599466324,train
GCIY,Erlotinib,,,0.165499085189246,0.17229923605918884,train
MEC-1,Erlotinib,,,0.0084801269519308,0.03757525235414505,train
T98G,Erlotinib,,,0.0234528653048481,0.038102999329566956,train
EB1,Erlotinib,,,0.0057546626057488,0.028333444148302078,train
SNU-503,Erlotinib,,,,0.050913337618112564,train
OAW28,Erlotinib,,,,0.09837117791175842,train
SIG-M5,Erlotinib,,,0.126180404243534,0.04948943108320236,train
Karpas-299,Erlotinib,,,0.0265723504029587,0.03259054943919182,train
KM-H2,Erlotinib,,,,0.025102796033024788,train
PF-382,Erlotinib,,,,0.05402466282248497,train
EFO-27,Erlotinib,,,0.161534838593571,0.06073165312409401,train
Karpas-422,Erlotinib,,,0.0,0.027693700045347214,train
KYSE-150,Erlotinib,,,0.0819979299467457,0.038452014327049255,train
A-498,Erlotinib,,,,0.05478160083293915,train
IMR-32,Erlotinib,,,0.0,0.014655803330242634,train
Loucy,Erlotinib,,,,0.06392335891723633,train
SCLC-21H,Erlotinib,,,,0.00017086323350667953,train
SH-10-TC,Erlotinib,,,0.0300115489665035,0.062070704996585846,train
U-118MG,Erlotinib,,,0.0070533201869107,0.027523599565029144,train
KYSE-410,Erlotinib,,,0.0661153584914752,0.012347178533673286,train
Hs 944.T,Erlotinib,,,0.0221635619877788,0.0,train
KM12,Erlotinib,,,,0.10231486707925797,train
VCaP,Erlotinib,,,,0.02927599474787712,train
SK-LU-1,Erlotinib,,,0.0401425137728223,0.05407244712114334,train
JVM-3,Erlotinib,,,0.112902060411961,0.04294878616929054,train
RT112/84,Erlotinib,,,,0.05771733447909355,train
SiMa,Erlotinib,,,0.0,0.007244425360113382,train
SNU-46,Erlotinib,,,,0.03472556173801422,train
SW48,Erlotinib,,,0.34323533661392,0.30897417664527893,train
JHH-7,Erlotinib,,,0.064003193556415,0.019018951803445816,train
NCI-H209,Erlotinib,,,,0.02067960612475872,train
EFM-192A,Erlotinib,,,,0.009672662243247032,train
HPB-ALL,Erlotinib,,,,0.07072193920612335,train
KATO III,Erlotinib,,,,0.04199445620179176,train
SNU-1197,Erlotinib,,,,0.05036590248346329,train
Hs 936.T,Erlotinib,,,0.0146312556470704,-0.002499570604413748,train
SK-LMS-1,Erlotinib,,,0.0986029758746453,0.07670397311449051,train
AU565,Erlotinib,,,0.0466214596035104,0.07420579344034195,train
BICR 31,Erlotinib,,,,0.15209516882896423,train
SNU-407,Erlotinib,,,,0.06505244970321655,train
TE 125.T,Erlotinib,,,,0.044343627989292145,train
OCI-AML-2,Erlotinib,,,0.0296574900079058,0.047346509993076324,train
JHH-5,Erlotinib,,,0.22465609505044,0.2246323823928833,train
T.T,Erlotinib,,,,0.12100975960493088,train
HCC1500,Erlotinib,,,,0.03389012813568115,train
HLC-1,Erlotinib,,,,0.025593487545847893,train
Hs 840.T,Erlotinib,,,0.0148024543136501,0.02890745922923088,train
AsPC-1,Erlotinib,,,0.0560623329164002,0.05918586999177933,train
G-401,Erlotinib,,,0.0238411707730038,0.036212462931871414,train
NCI-H1568,Erlotinib,,,0.192524369049532,0.15571007132530212,train
SNU-620,Erlotinib,,,,0.03296623378992081,train
TE-15,Erlotinib,,,0.237841669361768,0.2536332607269287,train
TT,Erlotinib,,,,0.014958726242184639,train
TUHR10TKB,Erlotinib,,,,0.04760303720831871,train
NCI-H2023,Erlotinib,,,0.0196922070680006,0.04002536088228226,train
COLO 205,Erlotinib,,,0.0524329965851902,0.05088890343904495,train
TE-10,Erlotinib,,,,0.05571659281849861,train
NUGC-4,Erlotinib,,,0.354495435721132,0.34740933775901794,train
HT-144,Erlotinib,,,0.0572195858802345,0.03838116303086281,train
MDA-PCa-2b,Erlotinib,,,,0.050250936299562454,train
RERF-LC-Ad2,Erlotinib,,,,0.16528737545013428,train
SNU-1272,Erlotinib,,,,0.025487110018730164,train
SNU-8,Erlotinib,,,,0.016908789053559303,train
SNU-349,Erlotinib,,,,0.2296115905046463,train
SALE,Erlotinib,,,,0.031584836542606354,train
Hs 729.T,Erlotinib,,,0.0124696952980024,0.026205748319625854,train
NCI-H1395,Erlotinib,,,,0.09549720585346222,train
BDCM,Erlotinib,,,0.0132267808987782,0.04356659576296806,train
A-253,Erlotinib,,,0.111939413475256,0.14798077940940857,train
Hs 688(A).T,Erlotinib,,,,0.03986731916666031,train
HCC1954,Erlotinib,,,0.10922294838185,0.11869865655899048,train
WM983B,Erlotinib,,,0.0124614675203545,-0.0043184575624763966,train
NCI-H660,Erlotinib,,,,0.07958080619573593,train
DMS 454,Erlotinib,,,,0.012927140109241009,train
NH-6,Erlotinib,,,,0.025716833770275116,train
SNU-175,Erlotinib,,,,0.05425667017698288,train
DMS 53,Erlotinib,,,,0.13599014282226562,train
MIA PaCa-2,Erlotinib,,,0.0151349256793501,0.02839767001569271,train
Hs 698.T,Erlotinib,,,,0.048098623752593994,train
IPC-298,Erlotinib,,,0.0528985627972757,0.030583500862121582,train
KMS-20,Erlotinib,,,,0.08291737735271454,train
SNU-283,Erlotinib,,,,0.03144653141498566,train
TCCSUP,Erlotinib,,,0.0053850991607237,0.030659830197691917,train
Kasumi-6,Erlotinib,,,,0.03753267973661423,train
Hs 706.T,Erlotinib,,,,0.01334287878125906,train
BEN,Erlotinib,,,,0.03451577574014664,train
DK-MG,Erlotinib,,,0.0273288019534314,0.0336623452603817,train
DoHH2,Erlotinib,,,0.0,0.025201817974448204,train
SNU-324,Erlotinib,,,,0.06999816000461578,train
Toledo,Erlotinib,,,0.0,0.01052732951939106,train
COLO 849,Erlotinib,,,,-0.0021526457276195288,train
KU-19-19,Erlotinib,,,,0.039338693022727966,train
UM-RC-6,Erlotinib,,,,0.03941163420677185,train
KYSE-30,Erlotinib,,,0.107401668997436,0.14476275444030762,train
NCI-H510A,Erlotinib,,,,0.07957997918128967,train
FTC-238,Erlotinib,,,,0.009887895546853542,train
CADO-ES1,Erlotinib,,,,0.030889736488461494,train
OCI-Ly3,Erlotinib,,,,0.04052591323852539,train
BHY,Erlotinib,,,,0.05028093233704567,train
SCC-9,Erlotinib,,,0.209352556276592,0.05646900087594986,train
TE-8,Erlotinib,,,,0.04063717648386955,train
Hs 819.T,Erlotinib,,,,0.05646628141403198,train
RT-112,Erlotinib,,,0.0563652566288176,0.06432010233402252,train
MDA-MB-175-VII,Erlotinib,,,0.157212631566185,0.21408283710479736,train
Panc 02.03,Erlotinib,,,0.126721659151957,0.12337454408407211,train
PCM6,Erlotinib,,,,0.014798861928284168,train
SK-N-DZ,Erlotinib,,,0.0023759306412319,0.023606017231941223,train
SLR25,Erlotinib,,,,0.03516716510057449,train
Ishikawa (Heraklio) 02 ER-,Erlotinib,,,0.218491325974419,0.03706740215420723,train
IA-LM,Erlotinib,,,0.0282183600503712,0.03622846677899361,train
SH-SY5Y,Erlotinib,,,,0.005269238725304604,train
JHOC-5,Erlotinib,,,,0.042575739324092865,train
EFE-184,Erlotinib,,,0.103552446743147,0.06307420134544373,train
HMC-1-8,Erlotinib,,,0.0194228408584924,0.06695058196783066,train
PK-1,Erlotinib,,,0.0948814036326748,0.08172737061977386,train
RS4;11,Erlotinib,,,,0.044742681086063385,train
A-172,Erlotinib,,,0.0200026578656478,0.029401443898677826,train
LP-1,Erlotinib,,,0.0,0.03446288779377937,train
TE 441.T,Erlotinib,,,,0.04182734712958336,train
EFO-21,Erlotinib,,,0.0443850557242215,0.03503239154815674,train
JHH-1,Erlotinib,,,,0.1813177466392517,train
MDA-MB-468,Erlotinib,,,0.218491474374488,0.13470563292503357,train
EM-2,Erlotinib,,,0.0606996145153811,0.0493624284863472,train
TYK-nu,Erlotinib,,,7.598553230877321e-15,0.039262644946575165,train
SCC-15,Erlotinib,,,,0.058353111147880554,train
HLF-a,Erlotinib,,,,0.0399414598941803,train
NCI-H1299,Erlotinib,,,0.0626858625403708,0.033958420157432556,train
SK-MEL-3,Erlotinib,,,,0.052699387073516846,train
Hs 695T,Erlotinib,,,0.0027959688318722,0.03345407545566559,train
RCM-1 [Human rectum adenocarcinoma],Erlotinib,,,,-0.005872463807463646,train
SNU-719,Erlotinib,,,,0.07828282564878464,train
OELE,Erlotinib,,,,0.02945493347942829,train
BxPC-3,Erlotinib,,,0.11221767317599,0.08636574447154999,train
IGROV-1,Erlotinib,,,0.1451892846298,0.048291902989149094,train
ECC12,Erlotinib,,,,0.04635440558195114,train
RCC4,Erlotinib,,,,0.04301416873931885,train
KMRC-20,Erlotinib,,,,0.10541272163391113,train
VMRC-LCP,Erlotinib,,,,0.08739374577999115,train
KMS-28BM,Erlotinib,,,,0.07100407779216766,train
JHOM-2B,Erlotinib,,,,0.1575457900762558,train
TO 175.T,Erlotinib,,,,0.0373985655605793,train
Hs 281.T,Erlotinib,,,,0.04051060229539871,train
SF126,Erlotinib,,,0.0028855475138971,0.023894451558589935,train
SNU-213,Erlotinib,,,,0.22246821224689484,train
SW403,Erlotinib,,,0.122852776007857,0.07341606169939041,train
YD-15,Erlotinib,,,,0.052904728800058365,train
CAL-54,Erlotinib,,,,0.03500838205218315,train
Caov-4,Erlotinib,,,,0.022768275812268257,train
NCI-H1184,Erlotinib,,,0.0,0.04715197905898094,train
COLO 320,Erlotinib,,,0.0656630100878447,0.05998414382338524,train
DB,Erlotinib,,,,0.1126444861292839,train
KOPN-8,Erlotinib,,,,0.03893248736858368,train
SNU-1079,Erlotinib,,,,0.004744487348943949,train
MOLT-16,Erlotinib,,,0.0455364466552918,0.024340413510799408,train
PE/CA-PJ34 (clone C12),Erlotinib,,,,0.04002670571208,train
WM88,Erlotinib,,,0.0046589396475744,0.02345891296863556,train
SNU-899,Erlotinib,,,,0.06186162680387497,train
Capan-2,Erlotinib,,,0.0555885170622082,0.0942998081445694,train
Pfeiffer,Erlotinib,,,0.128442704007119,0.09077544510364532,train
RPMI-8402,Erlotinib,,,0.0186080498394879,0.02474503591656685,train
KLM-1,Erlotinib,,,,0.04571365565061569,train
AM-38,Erlotinib,,,,0.049293152987957,train
NCI-H23,Erlotinib,,,0.0122367471885851,0.017866721376776695,train
EFM-19,Erlotinib,,,0.0049819041613393,0.012654726393520832,train
SUP-HD1,Erlotinib,,,,0.026354990899562836,train
HCC95,Erlotinib,,,,-0.007905158214271069,train
SNU-119,Erlotinib,,,,0.01155165210366249,train
U2OS,Erlotinib,,,0.0449365561233068,0.041654251515865326,train
GR-M,Erlotinib,,,,0.04584555700421333,train
SNG-M,Erlotinib,,,0.0745293031988896,0.06836503744125366,train
MKN74,Erlotinib,,,0.034472324213695,0.024446193128824234,train
Fu97,Erlotinib,,,0.0544409555382595,0.017952075228095055,train
HEC-50B,Erlotinib,,,,0.026397705078125,train
NCI-H929,Erlotinib,,,,0.01463931705802679,train
RPMI-8226,Erlotinib,,,,0.10587091743946075,train
LS123,Erlotinib,,,0.0687453300998243,0.07933254539966583,train
NCI-H358,Erlotinib,,,0.188750461482114,0.09479035437107086,train
OVSAHO,Erlotinib,,,0.028593683053534,0.01761743612587452,train
CAL-27,Erlotinib,,,0.331155066635375,-0.00814063847064972,train
HN,Erlotinib,,,,0.03615611791610718,train
Hs 616.T,Erlotinib,,,,0.05282682925462723,train
SHP-77,Erlotinib,,,0.0,0.04833918809890747,train
SNU-308,Erlotinib,,,,0.10498762875795364,train
Hs 606.T,Erlotinib,,,,0.030713465064764023,train
NCI-H2170,Erlotinib,,,0.198096525046799,0.10446983575820923,train
MDA-MB-134-VI,Erlotinib,,,,0.03829612955451012,train
COLO 678,Erlotinib,,,0.157057444982617,0.020326506346464157,train
NCO2,Erlotinib,,,0.105692436087806,0.07555770874023438,train
HL-60,Erlotinib,,,,0.0459442138671875,train
HCC1569,Erlotinib,,,0.0068813097414282,0.009745793417096138,train
CHL-1,Erlotinib,,,0.131031637107937,0.07739349454641342,train
KMS-21-BM,Erlotinib,,,,0.08024272322654724,train
OV7,Erlotinib,,,,0.030899813398718834,train
KP-3,Erlotinib,,,0.0353438466747756,0.03815692663192749,train
A-204,Erlotinib,,,0.0132449010203385,0.05407506227493286,train
RD-ES,Erlotinib,,,,0.03811652213335037,train
COR-L23,Erlotinib,,,0.0096508432450326,0.02945202775299549,train
NCI-H727,Erlotinib,,,0.0142250000000003,0.019089480862021446,train
Peer,Erlotinib,,,,0.04405530169606209,train
TE-6,Erlotinib,,,,0.2519601583480835,train
CAL-85-1,Erlotinib,,,0.285999109686882,0.22519315779209137,train
HCC33,Erlotinib,,,,0.04363809525966644,train
Jurkat E6.1,Erlotinib,,,0.0802025941135735,0.02106509730219841,train
NCI-H82,Erlotinib,,,,0.018070921301841736,train
SNU-C5,Erlotinib,,,,0.12800155580043793,train
Lu-65,Erlotinib,,,,0.06344085931777954,train
TM-31,Erlotinib,,,,0.13479584455490112,train
Panc 04.03,Erlotinib,,,0.111468825066676,0.045717332512140274,train
LOU-NH91,Erlotinib,,,0.146030125411316,0.03666484355926514,train
Hs 939.T,Erlotinib,,,0.0189969794046147,0.007070593070238829,train
CAL-33,Erlotinib,,,,0.05175358057022095,train
CAS-1,Erlotinib,,,0.004626415726796,0.042578283697366714,train
KNS-42,Erlotinib,,,0.0,0.11232174187898636,train
KG-1,Erlotinib,,,0.0368547649599705,0.028178883716464043,train
BICR 56,Erlotinib,,,,0.01976955682039261,train
KYSE-450,Erlotinib,,,0.208821358045585,0.07878068089485168,train
SF172,Erlotinib,,,,0.04015704244375229,train
NCI-H1385,Erlotinib,,,,0.08517178893089294,train
697,Erlotinib,,,0.109439352447289,0.04137340933084488,train
SK-UT-1,Erlotinib,,,,0.023467974737286568,train
HLF,Erlotinib,,,0.0197482195163892,0.014924084767699242,train
AZ-521,Erlotinib,,,0.145596979444519,0.0715709924697876,train
HEC-1-A,Erlotinib,,,0.0027045288218543,0.008948363363742828,train
23132/87,Erlotinib,,,,0.04596058651804924,train
HCC4006,Erlotinib,,,0.492663395066886,0.018363600596785545,train
NALM-6,Erlotinib,,,,0.04062485694885254,train
NCI-H2171,Erlotinib,,,,0.023544464260339737,train
H4,Erlotinib,,,0.0303917922741951,0.026249051094055176,train
ONCO-DG-1,Erlotinib,,,0.142880133312072,0.09344950318336487,train
PaTu 8988t,Erlotinib,,,,0.042120251804590225,train
SNU-1040,Erlotinib,,,,0.020789191126823425,train
TALL-1 [Human adult T-ALL],Erlotinib,,,,0.11143800616264343,train
NCI-H1650,Erlotinib,,,0.220793735361946,0.03793627396225929,train
NB1,Erlotinib,,,,0.08509477972984314,train
SNU-1,Erlotinib,,,0.0857185734417132,0.03402215242385864,train
Hs 940.T,Erlotinib,,,,0.035739533603191376,train
Sq-1,Erlotinib,,,0.0680186397544565,0.04638208448886871,train
KHM-1B,Erlotinib,,,0.049218625041717,0.06250858306884766,train
D283 Med,Erlotinib,,,,0.038304418325424194,train
BV-173,Erlotinib,,,,0.05291839689016342,train
8505C,Erlotinib,,,0.0308762725344076,0.002868354320526123,train
EoL-1,Erlotinib,,,,0.04062720760703087,train
Hs 852.T,Erlotinib,,,0.0606494731196107,0.04662829264998436,train
NCI-H1437,Erlotinib,,,,0.06508864462375641,train
UACC-812,Erlotinib,,,0.0508647075977552,0.05809177830815315,train
NCI-H2122,Erlotinib,,,0.0913124519134631,0.07849156856536865,train
Hep 3B2.1-7,Erlotinib,,,0.0,0.03510420396924019,train
HPAC,Erlotinib,,,0.0644894115874022,0.058463580906391144,train
8-MG-BA,Erlotinib,,,0.0742306712571944,0.061780158430337906,train
RERF-LC-A1,Erlotinib,,,0.039469144135859,0.13061527907848358,train
FTC-133,Erlotinib,,,,0.11701730638742447,train
JL-1,Erlotinib,,,,0.020345158874988556,train
JK-1,Erlotinib,,,,0.06279601901769638,train
HCC2279,Erlotinib,,,,0.04918629676103592,train
NCI-H441,Erlotinib,,,0.0361416593151064,0.10566660761833191,train
MHH-CALL-2,Erlotinib,,,,0.060674868524074554,train
U-251MG,Erlotinib,,,,0.12061506509780884,train
NCI-H1563,Erlotinib,,,0.0216638206811162,0.06174209341406822,train
JHH-6,Erlotinib,,,0.0130652353313218,0.020704366266727448,train
MEC-2,Erlotinib,,,,0.07311271131038666,train
CAL-62,Erlotinib,,,,0.04201529920101166,train
Hs 675.T,Erlotinib,,,,0.056140828877687454,train
KG-1-C,Erlotinib,,,,0.02989182062447071,train
SUP-B15,Erlotinib,,,,0.06602221727371216,train
SNU-466,Erlotinib,,,,0.015573563054203987,train
HEC-59,Erlotinib,,,0.0231255701168466,0.029254330322146416,train
NCI-H1048,Erlotinib,,,0.031623024411141,0.022477075457572937,train
HEC-108,Erlotinib,,,,-0.020230546593666077,train
Hs 571.T,Erlotinib,,,,0.06456445902585983,train
LoVo,Erlotinib,,,,0.011623322032392025,train
NCI-H1963,Erlotinib,,,,0.02176325023174286,train
SK-MM-2,Erlotinib,,,0.174156172063407,0.029319554567337036,train
Kasumi-2,Erlotinib,,,0.0514740270057927,0.04506713151931763,train
SW1116,Erlotinib,,,,0.010038131847977638,train
CAL-120,Erlotinib,,,,0.05936800688505173,train
HSC-3,Erlotinib,,,,0.1144753098487854,train
WM266-4,Erlotinib,,,0.013118494741462,0.058877356350421906,train
SK-N-FI,Erlotinib,,,0.0,0.01384491566568613,train
NCI-H526,Erlotinib,,,,0.042256709188222885,train
OVK18,Erlotinib,,,,-0.0054182447493076324,train
TE 159.T,Erlotinib,,,,0.04214520379900932,train
NALM-1,Erlotinib,,,,0.043259017169475555,train
SLR26,Erlotinib,,,,0.011776951141655445,train
Hs 739.T,Erlotinib,,,0.0,0.04107885807752609,train
SW620,Erlotinib,,,0.0032287547729638,0.035669587552547455,train
BICR 6,Erlotinib,,,,0.025333236902952194,train
UACC-257,Erlotinib,,,0.0049737474990444,0.006812595762312412,train
PK-45H,Erlotinib,,,0.0409515063862812,0.05132249742746353,train
CL-34,Erlotinib,,,,0.09985607862472534,train
HEL 92.1.7,Erlotinib,,,0.0177813221317003,0.016056206077337265,train
CAL-148,Erlotinib,,,,0.033189088106155396,train
HCC1897,Erlotinib,,,,0.03568078950047493,train
JMSU-1,Erlotinib,,,0.110923506771192,0.04907646030187607,train
Hep-G2,Erlotinib,,,0.028461952671853,0.01152230054140091,train
NCI-H508,Erlotinib,,,,0.05984485521912575,train
SCaBER,Erlotinib,,,0.25850831113567,0.29199111461639404,train
NALM-19,Erlotinib,,,,0.017994428053498268,train
KMRC-1,Erlotinib,,,0.149200648806191,0.04592509567737579,train
HGC-27,Erlotinib,,,0.019985540124347,0.0405990406870842,train
ABC-1,Erlotinib,,,,0.09826859086751938,train
SUP-T1,Erlotinib,,,0.0,0.020831722766160965,train
NCI-H522,Erlotinib,,,0.0403443205178365,0.014527703635394573,train
Hs 751.T,Erlotinib,,,,0.04094213992357254,train
NCI-H1869,Erlotinib,,,0.152424158416781,0.08152806758880615,train
OVCAR-8,Erlotinib,,,,0.014587449841201305,train
HDLM-2,Erlotinib,,,,0.06727707386016846,train
HMCB,Erlotinib,,,0.117314520850036,0.10128094255924225,train
Calu-6,Erlotinib,,,0.0232435160923001,0.019544146955013275,train
ACHN,Erlotinib,,,0.181831477887917,0.20122696459293365,train
SNU-201,Erlotinib,,,,0.21328207850456238,train
GI-1,Erlotinib,,,0.0218896481720671,0.050654299557209015,train
CHP-212,Erlotinib,,,0.0168024579872777,0.01657360978424549,train
CA46,Erlotinib,,,,0.0346120186150074,train
SK-N-BE(2),Erlotinib,,,0.0084039392609817,0.024249158799648285,train
M-07e,Erlotinib,,,,0.03570692986249924,train
YAPC,Erlotinib,,,,0.09899245202541351,train
COLO 792,Erlotinib,,,,0.05332237482070923,train
MFE-280,Erlotinib,,,0.122081595813216,0.14313006401062012,train
SK-ES-1,Erlotinib,,,0.0683218629110332,0.0392477922141552,train
EHEB,Erlotinib,,,,0.03596165403723717,train
HT-55,Erlotinib,,,,0.07560770213603973,train
Rh30,Erlotinib,,,0.0078888326839729,0.12830954790115356,train
SU-DHL-1,Erlotinib,,,,0.15398924052715302,train
KE-97,Erlotinib,,,0.089743233031866,0.05174033343791962,train
NCI-H2196,Erlotinib,,,,0.024992158636450768,train
NCI-H446,Erlotinib,,,,0.15725204348564148,train
639V,Erlotinib,,,,0.015375830233097076,train
NCI-H1373,Erlotinib,,,0.0471664690357,0.0035567302256822586,train
KP-4,Erlotinib,,,0.0227589220206098,0.026834456250071526,train
143B,Erlotinib,,,,0.10990806668996811,train
KCI-MOH1,Erlotinib,,,0.163729617773422,0.14058057963848114,train
SK-HEP-1,Erlotinib,,,0.0225654593824648,0.029938217252492905,train
Ki-JK,Erlotinib,,,,0.10009047389030457,train
KYSE-520,Erlotinib,,,0.185508738558247,0.09967802464962006,train
SK-MEL-1,Erlotinib,,,,0.012134958058595657,train
L-428,Erlotinib,,,0.0127463840076556,0.05010150372982025,train
HuT 78,Erlotinib,,,0.0,0.03565598279237747,train
FU-OV-1,Erlotinib,,,0.116164486880648,0.1408683806657791,train
HuG1-N,Erlotinib,,,,0.022852055728435516,train
KMS-12-BM,Erlotinib,,,0.0,0.04362907633185387,train
OVCAR-3,Erlotinib,,,0.144301376051329,0.14946317672729492,train
ES-2,Erlotinib,,,0.0207823472235324,0.046483512967824936,train
WSU-DLCL2,Erlotinib,,,,0.23595845699310303,train
Hs 611.T,Erlotinib,,,,0.03524202108383179,train
NCI-H1876,Erlotinib,,,,0.03092026710510254,train
LCLC-103H,Erlotinib,,,0.0185216437044789,0.012896591797471046,train
NCI-H3255,Erlotinib,,,0.561447874525511,0.03888261318206787,train
HCC1395,Erlotinib,,,0.042956770513969,0.03249788656830788,train
MOLP-8,Erlotinib,,,0.0087589415680787,0.02257697843015194,train
T24,Erlotinib,,,0.0768022402098758,0.03519253060221672,train
NCI-H1092,Erlotinib,,,0.0,0.05220336467027664,train
NCI-H1618,Erlotinib,,,,0.03449147567152977,train
NCI-H2087,Erlotinib,,,0.0773694104553063,0.09004122018814087,train
NCI-H747,Erlotinib,,,0.0854438275693443,0.10384378582239151,train
OUMS-23,Erlotinib,,,,0.06990208476781845,train
SNB-19,Erlotinib,,,,0.04852759838104248,train
YMB-1,Erlotinib,,,,0.11949898302555084,train
HEK TE,Erlotinib,,,,0.03261188417673111,train
DM-3,Erlotinib,,,,0.039273008704185486,train
MCF-7,Erlotinib,,,0.0520886505724126,0.02515687420964241,train
Hs 746.T,Erlotinib,,,0.0282985266311347,0.022550279274582863,train
MOR/CPR,Erlotinib,,,0.0502375665599399,0.05072593316435814,train
HD-MY-Z,Erlotinib,,,0.0841427877270507,0.03047868423163891,train
LCLC-97TM1,Erlotinib,,,,0.04409205913543701,train
NCC-StC-K140,Erlotinib,,,,0.034049294888973236,train
JHOS-4,Erlotinib,,,0.12377795580422,0.11363694816827774,train
Hs 737.T,Erlotinib,,,,0.039668839424848557,train
SUP-M2,Erlotinib,,,0.0,0.03708723559975624,train
SW1088,Erlotinib,,,0.0501817048387286,0.03253471478819847,train
TE-5,Erlotinib,,,0.026737511299685,0.0460423044860363,train
NCI-H1944,Erlotinib,,,0.105103912944344,0.05860179290175438,train
NCI-H2291,Erlotinib,,,,0.027288638055324554,train
MOLT-4,Erlotinib,,,,0.018516462296247482,train
COV362,Erlotinib,,,,0.07075108587741852,train
SW1463,Erlotinib,,,,0.07497905194759369,train
COR-L95,Erlotinib,,,,0.033491671085357666,train
KE-39,Erlotinib,,,0.175092672742207,0.1830899715423584,train
TC-32,Erlotinib,,,,0.03897159546613693,train
SNU-1196,Erlotinib,,,,0.03520900383591652,train
COV644,Erlotinib,,,,0.039829008281230927,train
BHT-101,Erlotinib,,,,0.024950701743364334,train
LS180,Erlotinib,,,,0.035343676805496216,train
ECC10,Erlotinib,,,,0.05117076635360718,train
L3.3,Erlotinib,,,0.128358214225068,0.10017227381467819,train
DU145,Erlotinib,,,0.135598200817881,0.10598479211330414,train
NOMO-1,Erlotinib,,,,0.04770783334970474,train
MDA-MB-415,Erlotinib,,,0.0159285291185951,0.04623548686504364,train
NCI-H2009,Erlotinib,,,0.0812374464357929,0.045567840337753296,train
5637,Erlotinib,,,0.202139462625986,0.1669629067182541,train
Lu-99A,Erlotinib,,,0.0935112861463288,0.033644068986177444,train
OVCAR-4,Erlotinib,,,0.0890468689794294,0.10029128193855286,train
WM115,Erlotinib,,,0.0093040083597805,0.016671692952513695,train
Rh41,Erlotinib,,,,0.06071728840470314,train
NCI-H650,Erlotinib,,,0.0050111947642401,0.007805181667208672,train
JIMT-1,Erlotinib,,,,0.059513699263334274,train
HCC1187,Erlotinib,,,0.0466619416920787,0.05342254042625427,train
CAL-12T,Erlotinib,,,0.282588685784174,0.32690349221229553,train
Hs 600.T,Erlotinib,,,,0.04214026406407356,train
NCI-H2347,Erlotinib,,,,0.026997607201337814,train
NU-DHL-1,Erlotinib,,,,0.08819133043289185,train
HuP-T4,Erlotinib,,,0.167535443444042,0.0809684544801712,train
Daudi,Erlotinib,,,,0.027778316289186478,train
SNU-1105,Erlotinib,,,,0.035702794790267944,train
SNU-668,Erlotinib,,,,0.05106068029999733,train
OE21,Erlotinib,,,0.343713423223186,0.3668094873428345,train
MUTZ-5,Erlotinib,,,,0.027813903987407684,train
SW1710,Erlotinib,,,,0.04229116812348366,train
HDQ-P1,Erlotinib,,,0.204718307811704,0.04432527720928192,train
NCI-H196,Erlotinib,,,,-0.0019598491489887238,train
Raji,Erlotinib,,,0.0,0.03743439167737961,train
DV-90,Erlotinib,,,0.145650783489382,0.11167480051517487,train
Hs 604.T,Erlotinib,,,,0.041230458766222,train
OCI-AML-5,Erlotinib,,,0.0410195798759189,0.05081966146826744,train
Li-7,Erlotinib,,,,0.031672362238168716,train
BT-549,Erlotinib,,,0.0195656376392978,0.04176389425992966,train
COV504,Erlotinib,,,0.0711984611306931,0.051172420382499695,train
RT-4,Erlotinib,,,0.16739683663155,0.13482722640037537,train
NCI-H1651,Erlotinib,,,0.0427770897570794,0.0720428079366684,train
Hs 934.T,Erlotinib,,,,0.041539616882801056,train
NCI-H2172,Erlotinib,,,,0.2912595272064209,train
SW480,Erlotinib,,,0.020401477901209,0.017114445567131042,train
NCI-H2452,Erlotinib,,,0.0782546305703664,0.024386920034885406,train
S-117,Erlotinib,,,,0.05113709717988968,train
DMS 114,Erlotinib,,,0.0,0.026595577597618103,train
K-562,Erlotinib,,,,0.042044736444950104,train
KYO-1,Erlotinib,,,,0.11799713224172592,train
PC-14,Erlotinib,,,0.540454830321444,0.20399194955825806,train
SW948,Erlotinib,,,,0.03352823853492737,train
K029AX,Erlotinib,,,0.0,0.02924846112728119,train
ACC-MESO-1,Erlotinib,,,,0.026383202522993088,train
HRT-18,Erlotinib,,,,0.055642224848270416,train
OC 314,Erlotinib,,,0.0414152166324963,0.020768284797668457,train
A4/Fukuda,Erlotinib,,,,0.02614029124379158,train
COLO 783,Erlotinib,,,,0.0284949392080307,train
Malme-3M,Erlotinib,,,0.032594228598315,0.043011270463466644,train
HCC-56,Erlotinib,,,0.0570985978077439,0.07199371606111526,train
JHUEM-1,Erlotinib,,,,0.07681197673082352,train
HuT 102,Erlotinib,,,,0.02938130497932434,train
SH-4,Erlotinib,,,,0.03444661945104599,train
MSTO-211H,Erlotinib,,,0.0468232661050798,0.04018507897853851,train
COLO 668,Erlotinib,,,,0.04643411189317703,train
NCI-H1341,Erlotinib,,,0.103012744278107,0.101883664727211,train
PANC-1,Erlotinib,,,,0.09409628808498383,train
REC-1,Erlotinib,,,,0.021309668198227882,train
JHUEM-2,Erlotinib,,,0.0258694737726735,0.02964118868112564,train
NCI-H2141,Erlotinib,,,,0.03812825679779053,train
KP-N-RT-BM-1,Erlotinib,,,,0.03500046581029892,train
HOS,Erlotinib,,,0.0,0.019585195928812027,train
SK-MEL-28,Erlotinib,,,,0.07643561065196991,train
HSC-4,Erlotinib,,,,0.044900257140398026,train
OCI-Ly19,Erlotinib,,,,0.03528451547026634,train
PSN1,Erlotinib,,,0.0351598954778951,0.0486440509557724,train
KNS-62,Erlotinib,,,0.0,0.012320303358137608,train
KMS-26,Erlotinib,,,0.011861918754795,0.0015703283715993166,train
MEG-01,Erlotinib,,,0.0118702428342499,0.012912486679852009,train
DMS 273,Erlotinib,,,,0.01581300050020218,train
SU-DHL-5,Erlotinib,,,,0.03816582262516022,train
KALS-1,Erlotinib,,,0.0361256866594273,0.04496077448129654,train
HCT 116,Erlotinib,,,0.0291910516115331,0.02888171374797821,train
SNU-398,Erlotinib,,,0.0,0.012725859880447388,train
COLO 680N,Erlotinib,,,,0.04007432237267494,train
L-363,Erlotinib,,,0.0300418768691312,0.006009277421981096,train
A3/Kawakami,Erlotinib,,,,0.04439586400985718,train
JHH-2,Erlotinib,,,0.0764561426940383,0.048812396824359894,train
COV318,Erlotinib,,,0.0,0.010357961058616638,train
KPL-1,Erlotinib,,,,0.01620587706565857,train
GA-10,Erlotinib,,,,0.025441046804189682,train
ZR-75-1,Erlotinib,,,0.113728781027,0.114153191447258,train
SEM,Erlotinib,,,,0.057806529104709625,train
SNU-216,Erlotinib,,,,0.10434743762016296,train
SNU-C4,Erlotinib,,,,0.062211789190769196,train
SK-MES-1,Erlotinib,,,0.272357387064309,0.211324542760849,train
HMEL,Erlotinib,,,,0.033643148839473724,train
P31/FUJ,Erlotinib,,,0.010075471775247,0.026864198967814445,train
SK-MEL-2,Erlotinib,,,0.0,0.008898597210645676,train
COR-L311,Erlotinib,,,,0.04426073282957077,train
KMS-34,Erlotinib,,,0.0064564022136489,0.037168003618717194,train
NCI-H1734,Erlotinib,,,,0.036057546734809875,train
EN,Erlotinib,,,0.0081970826955626,-0.022128447890281677,train
SK-N-AS,Erlotinib,,,0.0127704422972367,0.016417916864156723,train
VM-CUB-1,Erlotinib,,,,0.03033849596977234,train
SK-MEL-31,Erlotinib,,,0.0229383589159689,0.03823323920369148,train
SK-MEL-5,Erlotinib,,,0.0558275988840162,0.03425202518701553,train
A-673,Erlotinib,,,0.0132935443628987,0.01991128921508789,train
MG-63,Erlotinib,,,0.0061146008053855,0.02725359797477722,train
OVISE,Erlotinib,,,,0.0488208532333374,train
NCI-H2073,Erlotinib,,,,0.05028709024190903,train
RERF-GC-1B,Erlotinib,,,0.0858973257371469,0.049551159143447876,train
DMS 153,Erlotinib,,,,0.05891907960176468,train
JHOS-2,Erlotinib,,,0.0096661428907013,0.016617439687252045,train
HEL,Erlotinib,,,,0.05933445692062378,train
OVMANA,Erlotinib,,,0.0221955939297399,0.05916561931371689,train
RKN,Erlotinib,,,0.0210373946360292,0.08593758940696716,train
NCI-H841,Erlotinib,,,,0.033178508281707764,train
JHUEM-7,Erlotinib,,,,0.020893152803182602,train
NCI-H854,Erlotinib,,,,0.0479237325489521,train
SUP-T11,Erlotinib,,,,0.12223157286643982,train
MHH-CALL-4,Erlotinib,,,,0.05682462453842163,train
CFPAC-1,Erlotinib,,,,0.01962883584201336,train
JVM-2,Erlotinib,,,,0.038986437022686005,train
Panc 02.13,Erlotinib,,,,0.0777750313282013,train
SNU-1076,Erlotinib,,,,0.029474355280399323,train
SNU-387,Erlotinib,,,0.0137625000000001,0.02907254360616207,train
MFE-296,Erlotinib,,,0.105789474600448,0.02994747832417488,train
NCI-H661,Erlotinib,,,0.0029913890869735,-0.0002539977431297302,train
Panc 08.13,Erlotinib,,,,0.029823526740074158,train
TIG-3 TD,Erlotinib,,,,0.033761586993932724,train
FaDu,Erlotinib,,,0.202366269449161,0.05954648554325104,train
Hs 683,Erlotinib,,,0.0118898423501595,0.028683355078101158,train
KYSE-510,Erlotinib,,,0.0072697969032743,0.03520774841308594,train
HuCC-T1,Erlotinib,,,0.0758539329680988,0.08294899016618729,train
DND-41,Erlotinib,,,,0.01758771575987339,train
IGR-39,Erlotinib,,,0.0072505093170284,0.010249592363834381,train
KYSE-180,Erlotinib,,,0.202348591328392,0.23503635823726654,train
SNU-761,Erlotinib,,,,0.04121161997318268,train
PaTu 8902,Erlotinib,,,0.0142065488811397,0.05256540700793266,train
MDST8,Erlotinib,,,,0.1124868169426918,train
MOLM-13,Erlotinib,,,,0.03939357399940491,train
NCI-H1435,Erlotinib,,,,0.030207734555006027,train
NCI-H2052,Erlotinib,,,0.0832065598621997,0.07809774577617645,train
LN-229,Erlotinib,,,0.0868919321501221,0.08893279731273651,train
Hs 274.T,Erlotinib,,,,0.04099602252244949,train
Hep-G2/C3A,Erlotinib,,,0.0202058023583914,0.013172639533877373,train
SK-CO-1,Erlotinib,,,0.135089516259724,0.10321050882339478,train
HCC1143,Erlotinib,,,,0.16267074644565582,train
OUMS-27,Erlotinib,,,,0.038987353444099426,train
SU-DHL-8,Erlotinib,,,0.0060804652612669,-0.002164744073525071,train
TCC-PAN2,Erlotinib,,,,0.0774705708026886,train
COLO 704,Erlotinib,,,,0.02866515889763832,train
COLO 679,Erlotinib,,,0.0172851774931118,0.010461376048624516,train
OE19,Erlotinib,,,,0.01629490591585636,train
LC-1/sq-SF,Erlotinib,,,0.115469678393687,0.09349821507930756,train
SW1271,Erlotinib,,,0.0170029385810013,0.022112278267741203,train
HT,Erlotinib,,,0.0,0.021282998844981194,train
HH [Human lymphoma],Erlotinib,,,0.0,0.04365769773721695,train
SU-DHL-6,Erlotinib,,,0.0,0.05178145319223404,train
NCI-H292,Erlotinib,,,,0.03661588206887245,train
TOV-112D,Erlotinib,,,0.0845724147706257,0.049055010080337524,train
MOTN-1,Erlotinib,,,,0.033496495336294174,train
SNU-182,Erlotinib,,,0.126462530716505,0.04507583752274513,train
LXF 289,Erlotinib,,,,0.009608063846826553,train
HCC70,Erlotinib,,,0.0882811990466099,0.08876336365938187,train
NUGC-3,Erlotinib,,,0.236166481231863,0.22283530235290527,train
U-138MG,Erlotinib,,,,0.03716832399368286,train
SNU-61,Erlotinib,,,,0.02033432573080063,train
Hs 172.T,Erlotinib,,,,0.04844093322753906,train
GMS-10,Erlotinib,,,0.0190540934281724,0.005997021682560444,train
SU-DHL-4,Erlotinib,,,0.0581571366210038,0.026295255869627,train
LMSU,Erlotinib,,,,0.03127632662653923,train
DLD-1,Erlotinib,,,,0.04241548478603363,train
PE/CA-PJ41 (clone D2),Erlotinib,,,,0.04715162515640259,train
HT-29,Erlotinib,,,0.0008752056595092,0.05539415404200554,train
HCC1428,Erlotinib,,,,0.12082181125879288,train
HT-1376,Erlotinib,,,0.11419338041038,0.07600648701190948,train
MDA-MB-157,Erlotinib,,,0.0606864748104388,0.05959172546863556,train
RERF-LC-Sq1,Erlotinib,,,,0.029884206131100655,train
MJ,Erlotinib,,,0.0,0.03496299684047699,train
CAL-78,Erlotinib,,,0.0301368569813702,0.04389931634068489,train
Hs 870.T,Erlotinib,,,,0.11677594482898712,train
OV-90,Erlotinib,,,0.0,0.023932721465826035,train
CGTH-W-1,Erlotinib,,,,0.07837477326393127,train
DEL,Erlotinib,,,0.0377691989042137,0.03155789524316788,train
HCC2218,Erlotinib,,,,0.071573406457901,train
Hs 742.T,Erlotinib,,,,0.06002870947122574,train
IGR-1,Erlotinib,,,,0.04126237705349922,train
NCI-H1573,Erlotinib,,,0.154964829446517,0.05527285858988762,train
Hs 822.T,Erlotinib,,,,0.04030106961727142,train
NCI-H1975,Erlotinib,,,0.0464013068654505,0.08329598605632782,train
NMC-G1,Erlotinib,,,,0.01634661853313446,train
PaTu 8988s,Erlotinib,,,,0.021339397877454758,train
YD-38,Erlotinib,,,,0.040537718683481216,train
SET-2,Erlotinib,,,,0.02929398976266384,train
MOLM-16,Erlotinib,,,,0.043396249413490295,train
Panc 03.27,Erlotinib,,,0.0627539316471438,0.05469350516796112,train
YH-13,Erlotinib,,,,0.0643915981054306,train
A101D,Erlotinib,,,,0.03948621824383736,train
HuNS1,Erlotinib,,,,0.02148701436817646,train
Detroit 562,Erlotinib,,,0.115415781570674,0.03154095634818077,train
GCT,Erlotinib,,,0.0297500574669204,0.01109958253800869,train
SF295,Erlotinib,,,0.0548661332673498,0.04896140843629837,train
Hs 766T,Erlotinib,,,0.0991126936068783,0.028090886771678925,train
KO52,Erlotinib,,,0.0654167281139243,0.03622210770845413,train
Mono-Mac-1,Erlotinib,,,0.127921804524056,0.11741232872009277,train
NCI-H1793,Erlotinib,,,0.142220559643126,0.12096002697944641,train
SNU-520,Erlotinib,,,,0.038164496421813965,train
SNU-81,Erlotinib,,,,0.0013429224491119385,train
CAMA-1,Erlotinib,,,0.0157565200587637,0.010269049555063248,train
OCUM-1,Erlotinib,,,0.0,0.028873572126030922,train
NCI-H2286,Erlotinib,,,0.0950558401951842,0.09967660903930664,train
RPMI-7951,Erlotinib,,,0.0109625104648995,0.018172357231378555,train
NCI-H1436,Erlotinib,,,,0.23610621690750122,train
A-549,Erlotinib,,,0.0812118077477125,0.06451663374900818,train
CL-40,Erlotinib,,,,0.05912560224533081,train
LS411N,Erlotinib,,,0.0119201349143826,0.03490644320845604,train
MDA-MB-361,Erlotinib,,,,0.10748247802257538,train
LOX-IMVI,Erlotinib,,,0.0215505910373239,0.008244105614721775,train
SW579,Erlotinib,,,0.0168461112871541,0.04523487389087677,train
Daoy,Erlotinib,,,0.033018722300065,0.016638269647955894,train
NCI-H1693,Erlotinib,,,0.196446584599643,0.22075718641281128,train
CW-2,Erlotinib,,,,0.048109203577041626,train
KNS-60,Erlotinib,,,0.0080715130241218,0.06631897389888763,train
NCI-H2030,Erlotinib,,,0.153550545307145,0.05662626028060913,train
ST486,Erlotinib,,,,0.029674507677555084,train
PL45,Erlotinib,,,0.0629719252063515,0.07515434175729752,train
KYM-1,Erlotinib,,,0.0,0.022506680339574814,train
SK-BR-3,Erlotinib,,,0.0598540720517569,0.09388213604688644,train
KMRC-2,Erlotinib,,,0.0557129797932296,0.026365309953689575,train
LS1034,Erlotinib,,,,0.07192692160606384,train
B-CPAP,Erlotinib,,,0.0266103192388467,0.027834974229335785,train
F5,Erlotinib,,,,0.041993893682956696,train
HEC-1-B,Erlotinib,,,0.067324354538357,0.1681494265794754,train
KMBC-2,Erlotinib,,,0.0160264888319069,0.02117248810827732,train
SR,Erlotinib,,,,0.08755345642566681,train
NCI-H2126,Erlotinib,,,,0.031184997409582138,test
J82,Erlotinib,,,0.0940096442583044,0.044490642845630646,test
TGBC1TKB,Erlotinib,,,0.0510358676524416,0.017189394682645798,test
NCI-H226,Erlotinib,,,0.0782171140782092,0.11201046407222748,test
22Rv1,Erlotinib,,,0.069736096163408,0.10820924490690231,test
TGW,Erlotinib,,,0.0165565881013634,0.05706016719341278,test
EPLC-272H,Erlotinib,,,0.0863106388253209,0.047762200236320496,test
EB2,Erlotinib,,,0.0429537375852646,0.05652058124542236,test
TK-10,Erlotinib,,,0.141051776663695,0.014435987919569016,test
COR-L279,Erlotinib,,,0.0421146631818858,0.09046292304992676,test
MRK-nu-1,Erlotinib,,,0.0143790050022087,0.010843494907021523,test
COR-L88,Erlotinib,,,0.0257483065537889,0.1469520777463913,test
SNU-16,Erlotinib,,,0.0334888043109756,0.10385424643754959,test
PC-3,Erlotinib,,,0.0314348689477129,0.28719496726989746,test
Lu-165,Erlotinib,,,0.0213726597462009,0.018297087401151657,test
SW1783,Erlotinib,,,0.0304955295549922,0.05603848770260811,test
Panc 10.05,Erlotinib,,,0.0621658606084283,0.03182557597756386,test
TE-12,Erlotinib,,,,0.12156768143177032,test
CCF-STTG1,Erlotinib,,,,0.032694995403289795,test
A-375,Erlotinib,,,0.063263635945261,0.011226480826735497,test
Onda 11,Erlotinib,,,,0.048817142844200134,test
VMRC-RCZ,Erlotinib,,,0.0788264548067618,0.05626740679144859,test
EW-12,Erlotinib,,,,0.023871488869190216,test
SK-PN-DW,Erlotinib,,,0.0346463890630108,0.02316504530608654,test
Kasumi-1,Erlotinib,,,,0.03196477144956589,test
HT-1197,Erlotinib,,,0.150526604161224,0.0831880196928978,test
WRO,Erlotinib,,,0.0183433366493724,0.0318441167473793,test
SW780,Erlotinib,,,0.0322095370481603,0.0721125453710556,test
ES8,Erlotinib,,,0.0816298550163075,0.005797071382403374,test
KINGS-1,Erlotinib,,,0.0277240325108469,0.031028371304273605,test
NCI-H1355,Erlotinib,,,0.0654651217760985,0.03524966910481453,test
NCI-H2029,Erlotinib,,,,0.04143625497817993,test
Lu-134-A,Erlotinib,,,,0.05141220986843109,test
HLE,Erlotinib,,,0.0842854915130979,0.02029896154999733,test
MFH-ino,Erlotinib,,,0.0713558242089594,0.052613236010074615,test
Calu-3,Erlotinib,,,0.0383672592082141,0.12424886226654053,test
MOLT-13,Erlotinib,,,0.0022161191510482,0.05975170060992241,test
EW-1,Erlotinib,,,0.0720947818928973,0.04983730986714363,test
NCI-H1792,Erlotinib,,,0.0700180510383056,0.02171030268073082,test
HCC38,Erlotinib,,,0.0372734184577072,0.08296021819114685,test
A2780,Erlotinib,,,0.0480173825975849,0.019401639699935913,test
LA-N-6,Erlotinib,,,,0.03286212682723999,test
P12-Ichikawa,Erlotinib,,,0.0565234182252757,0.07240298390388489,test
KS-1 [Human glioblastoma],Erlotinib,,,0.0056804939376807,0.031413186341524124,test
SCC-25,Erlotinib,,,,0.06759873777627945,test
DJM-1,Erlotinib,,,,0.06583726406097412,test
HuP-T3,Erlotinib,,,0.0819807845597156,0.03084874525666237,test
LNCaP clone FGC,Erlotinib,,,0.0208821300751853,0.024725306779146194,test
HCC1419,Erlotinib,,,0.0421967153486887,0.017808465287089348,test
NCI-H1703,Erlotinib,,,0.0492565931354735,0.023703835904598236,test
MeWo,Erlotinib,,,0.0031589482683064,0.06882264465093613,test
SBC-1,Erlotinib,,,,0.014983663335442543,test
EW-16,Erlotinib,,,0.118206030551039,0.04048454016447067,test
U-87MG ATCC,Erlotinib,,,0.103468581929975,0.014244116842746735,test
T84,Erlotinib,,,0.125982157036278,0.07658115029335022,test
BT-20,Erlotinib,,,0.0817037264949738,0.05190473422408104,test
HCC1599,Erlotinib,,,,0.012979486957192421,test
RL,Erlotinib,,,,0.024422455579042435,test
U-698-M,Erlotinib,,,0.0,0.03225170075893402,test
MKN45,Erlotinib,,,0.0,0.018614403903484344,test
KLE,Erlotinib,,,0.0713855462126308,0.09129449725151062,test
SW13,Erlotinib,,,0.140957640292288,0.09204854816198349,test
NCI-H716,Erlotinib,,,0.178454822937325,0.04439020901918411,test
RERF-LC-MS,Erlotinib,,,,0.021693862974643707,test
A2058,Erlotinib,,,0.079136036175367,-0.0033782224636524916,test
MPP 89,Erlotinib,,,0.12048513531765,0.04473094642162323,test
HSC-2,Erlotinib,,,0.127043457422862,0.06639692187309265,test
769-P,Erlotinib,,,0.0998666835523972,0.04411608725786209,test
KY821,Erlotinib,,,0.0033592425810448,0.038004614412784576,test
647V,Erlotinib,,,0.117054677893993,0.07267364859580994,test
C2BBe1,Erlotinib,,,0.127898920888731,0.08421795070171356,test
D-566MG,Erlotinib,,,,0.06428313255310059,test
BL-70,Erlotinib,,,,0.04092776030302048,test
NCI-H2081,Erlotinib,,,,0.12171315401792526,test
RL95-2,Erlotinib,,,0.0956410613939381,0.07529747486114502,test
SNU-449,Erlotinib,,,0.111999494258823,0.14884918928146362,test
SW872,Erlotinib,,,0.0402193448068389,0.011297078803181648,test
BL-41,Erlotinib,,,0.0118384917032668,0.035580411553382874,test
SNU-475,Erlotinib,,,,0.12802621722221375,test
Hs 578T,Erlotinib,,,0.0,0.027380671352148056,test
8305C,Erlotinib,,,0.0583719777550647,0.05871709808707237,test
C32 [Human melanoma],Erlotinib,,,0.065620750366615,0.04297589510679245,test
AGS,Erlotinib,,,0.0119508895830124,0.15577805042266846,test
OAW42,Erlotinib,,,0.11542242607128,0.032600194215774536,test
SW837,Erlotinib,,,0.0682815836939045,0.0590488500893116,test
KE-37,Erlotinib,,,0.114673657544269,0.0013395737623795867,test
DU4475,Erlotinib,,,0.0079425903526871,0.07910850644111633,test
LB831-BLC,Erlotinib,,,0.0091927530250769,0.028693944215774536,test
NCI-H2342,Erlotinib,,,0.0755230221011622,0.029585503041744232,test
DMS 79,Erlotinib,,,,0.04565044492483139,test
Mel JuSo,Erlotinib,,,0.0,0.1007780134677887,test
NCI-H2227,Erlotinib,,,,0.13742229342460632,test
SNU-C2B,Erlotinib,,,0.0523432296564404,0.03971628099679947,test
LB2518-MEL,Erlotinib,,,,0.06711935997009277,test
BFTC-905,Erlotinib,,,0.0031122253380978,0.0875779539346695,test
OS-RC-2,Erlotinib,,,0.0774021137740855,0.09025295078754425,test
IST-Mes1,Erlotinib,,,0.0341406357450479,0.008784033358097076,test
Mono-Mac-6,Erlotinib,,,0.0104751617100743,0.031746722757816315,test
AN3-CA,Erlotinib,,,0.0073317966203445,0.025017280131578445,test
NH-12,Erlotinib,,,0.0929692213382107,0.0757484883069992,test
NCI-H28,Erlotinib,,,0.146562151339564,0.026499170809984207,test
RCC10RGB,Erlotinib,,,0.221884830886706,0.04736219346523285,test
BB49-HNC,Erlotinib,,,0.0649032011794549,0.04285655543208122,test
MN-60,Erlotinib,,,0.0095499532284566,-0.0007943352684378624,test
BFTC-909,Erlotinib,,,0.109937893184019,0.021407296881079674,test
Caov-3,Erlotinib,,,,0.019455701112747192,test
NCI-H1838,Erlotinib,,,0.0082476617604919,0.13863860070705414,test
D-336MG,Erlotinib,,,,0.06942681223154068,test
TGBC11TKB,Erlotinib,,,0.0695028945912259,0.055636562407016754,test
NCI-H810,Erlotinib,,,0.0369882402103835,0.001102914335206151,test
PFSK-1,Erlotinib,,,0.0398641673547789,0.07469947636127472,test
HPAF-II,Erlotinib,,,0.0937254950143958,0.1048787385225296,test
SCH,Erlotinib,,,,0.02136188931763172,test
YKG-1,Erlotinib,,,,0.024913134053349495,test
Mel Ho,Erlotinib,,,,0.014436738565564156,test
Caki-1,Erlotinib,,,,0.043636757880449295,test
NCI-H720,Erlotinib,,,0.0296325541378149,0.034229032695293427,test
NCI-H524,Erlotinib,,,0.0,0.16378651559352875,test
NCI-H596,Erlotinib,,,0.0035515206362329,0.12248975038528442,test
NCI-H69,Erlotinib,,,0.037759798857186,0.08595152944326401,test
VA-ES-BJ,Erlotinib,,,0.0336946175120275,0.007854990661144257,test
ACN,Erlotinib,,,,0.018773576244711876,test
COLO 741,Erlotinib,,,,0.12812748551368713,test
ALL-PO,Erlotinib,,,0.0294064649039689,0.014510417357087135,test
COLO 800,Erlotinib,,,,-0.011502189561724663,test
NCI-H1993,Erlotinib,,,0.023961971285734,0.03036864660680294,test
KOSC-2,Erlotinib,,,,0.16129526495933533,test
RKO,Erlotinib,,,0.0,0.03214340656995773,test
MES-SA,Erlotinib,,,0.1168597627257,0.040865227580070496,test
A-704,Erlotinib,,,0.0470571542875395,0.047038860619068146,test
CTB-1,Erlotinib,,,,0.02634841576218605,test
Kuramochi,Erlotinib,,,0.0374692583535763,0.009288431145250797,test
TE-9,Erlotinib,,,0.123723346332712,0.11643778532743454,test
CMK,Erlotinib,,,,0.06814158707857132,test
OE33,Erlotinib,,,0.0787952959870467,0.1282421350479126,test
NCI-H838,Erlotinib,,,,0.06052211672067642,test
HuTu 80,Erlotinib,,,,0.05475296080112457,test
Reh,Erlotinib,,,0.0017601926052374,0.030246224254369736,test
MHH-PREB-1,Erlotinib,,,0.0845859251173788,0.030272379517555237,test
SK-MEL-24,Erlotinib,,,0.0129622894813707,0.020068760961294174,test
786-O,Erlotinib,,,0.16353602307036,0.04481015354394913,test
SK-OV-3,Erlotinib,,,0.139086315500833,0.02139206975698471,test
COLO 829,Erlotinib,,,0.121922623633159,0.08522215485572815,test
NCI-H1581,Erlotinib,,,0.0086765931097237,0.02173740416765213,test
NCI-H2405,Erlotinib,,,0.132835476981883,0.12200803309679031,test
HTC-C3,Erlotinib,,,0.0786803166590527,0.08964444696903229,test
SKM-1,Erlotinib,,,,0.10577522218227386,test
EGI-1,Erlotinib,,,0.0577193017282214,0.02708246558904648,test
SW900,Erlotinib,,,0.034436098184516,0.08519109338521957,test
KP-N-YN,Erlotinib,,,0.0622706447859873,0.11344936490058899,test
NCI-H1623,Erlotinib,,,0.159279834950132,0.1405109465122223,test
NCI-N87,Erlotinib,,,0.0,0.04201231896877289,test
SK-MEL-30,Erlotinib,,,,0.014711212366819382,test
MKN28,Erlotinib,,,0.0592391727682757,0.020693134516477585,test
EW-13,Erlotinib,,,0.0648117478076204,0.025574184954166412,test
NCI-H1155,Erlotinib,,,0.203915183917306,0.03192756697535515,test
ZR-75-30,Erlotinib,,,0.0590437922944436,0.06073864549398422,test
HT-1080,Erlotinib,,,0.103494461002225,0.03691329061985016,test
NCI-H1694,Erlotinib,,,0.139833748695643,0.017893679440021515,test
HMV-II,Erlotinib,,,0.0062459037523043,0.011741941794753075,test
Becker,Erlotinib,,,0.0559695671309726,0.11058223247528076,test
SW1573,Erlotinib,,,0.0250431547942305,0.02291988767683506,test
SW1990,Erlotinib,,,0.0502602780380748,0.060184285044670105,test
T-47D,Erlotinib,,,0.138447567826433,0.11774291843175888,test
NCI-H1770,Erlotinib,,,,0.05080736055970192,test
HCC2157,Erlotinib,,,0.0144902251480115,0.010520782321691513,test
SaOS-2,Erlotinib,,,0.0,0.009494325146079063,test
NCI-H520,Erlotinib,,,0.0544276842048052,0.0027782998513430357,test
NCI-H1666,Erlotinib,,,0.239888386138555,0.31549912691116333,test
LAMA-84,Erlotinib,,,0.0271987461480035,0.024187404662370682,test
NCI-H2228,Erlotinib,,,0.0092715175513845,0.1564193218946457,test
SNU-C1,Erlotinib,,,0.0191697173359498,0.06184840574860573,test
G-361,Erlotinib,,,0.105127007221735,0.042188096791505814,test
HCC1937,Erlotinib,,,0.152121749801794,0.12323292344808578,test
SW756,Erlotinib,,,0.119997255101409,0.040320783853530884,test
NCI-H460,Erlotinib,,,,0.019602369517087936,test
TE-11,Erlotinib,,,,0.14107468724250793,test
HOP-92,Erlotinib,,,0.138064751595122,0.1433100700378418,test
LS513,Erlotinib,,,,0.04448139667510986,test
MDA-MB-453,Erlotinib,,,0.068358825087985,0.25749242305755615,test
ONS-76,Erlotinib,,,0.0261062908301936,0.016162382438778877,test
LB1047-RCC,Erlotinib,,,,0.040340911597013474,test
Huh-7,Erlotinib,,,0.056106390938351,0.016014464199543,test
IM-9,Erlotinib,,,0.0072128917308504,0.03172444552183151,test
A-427,Erlotinib,,,,0.06438559293746948,test
MHH-NB-11,Erlotinib,,,,0.14318154752254486,test
COLO 684,Erlotinib,,,0.0270620617566272,0.14218872785568237,test
RVH-421,Erlotinib,,,,0.014554301276803017,test
CaR-1,Erlotinib,,,0.0671094455741473,0.12094510346651077,test
SCC-4,Erlotinib,,,0.0,0.18494194746017456,test
OPM-2,Erlotinib,,,0.0749297493858274,0.16877411305904388,test
CAL-51,Erlotinib,,,0.113261334134565,0.0438779816031456,test
BT-474,Erlotinib,,,0.0902957505525503,0.014353355392813683,test
TC-YIK,Erlotinib,,,0.104010315132573,0.02347256802022457,test
HCT 15,Erlotinib,,,0.0612639035453632,0.028967909514904022,test
SW1417,Erlotinib,,,0.0616228424266736,0.026038002222776413,test
ESS-1,Erlotinib,,,0.0,0.03715105354785919,test
KYSE-70,Erlotinib,,,0.0928558580583491,0.019323505461215973,test
RD,Erlotinib,,,0.0136657485252508,0.006636418402194977,test
SK-MG-1,Erlotinib,,,0.070433864693999,0.028185665607452393,test
ES1,Erlotinib,,,0.0821987355896049,0.061314746737480164,test
TUR,Erlotinib,,,0.0206982277267648,0.03609294816851616,test
NCI-H64,Erlotinib,,,0.0509091200332347,0.050404902547597885,test
MKN1,Erlotinib,,,0.122706725346073,0.019208908081054688,test
TGBC24TKB,Erlotinib,,,0.12839221338189,0.1265946924686432,test
MHH-ES-1,Erlotinib,,,0.0478826429319849,0.030819978564977646,test
NCI-H1755,Erlotinib,,,0.11048678335709,0.05405930057168007,test
U266B1,Erlotinib,,,0.0,0.026306338608264923,test
ATN-1,Erlotinib,,,0.010383378654109,0.022769248113036156,test
Capan-1,Erlotinib,,,0.112619909233223,0.16904626786708832,test
KNS-81-FD,Erlotinib,,,,0.015928493812680244,test
COLO 824,Erlotinib,,,0.140789145236246,0.07800088077783585,test
GCIY,Erlotinib,,,0.104588580231879,0.13153627514839172,test
T98G,Erlotinib,,,0.019287134082367,0.024788154289126396,test
LC-2/ad,Erlotinib,,,,0.029859120026230812,test
OAW28,Erlotinib,,,0.0535034794685187,0.030922334641218185,test
SIG-M5,Erlotinib,,,,0.05998413264751434,test
Karpas-299,Erlotinib,,,0.0393226954560845,0.03058195486664772,test
KM-H2,Erlotinib,,,0.0232652101478193,0.0317542627453804,test
PF-382,Erlotinib,,,0.0,0.016817457973957062,test
HuO-3N1,Erlotinib,,,0.057874772605626,0.0018752033356577158,test
EFO-27,Erlotinib,,,,0.027922600507736206,test
HCC1806,Erlotinib,,,0.173135587844158,0.07322601974010468,test
Karpas-422,Erlotinib,,,0.0151876901153278,0.008708417415618896,test
A-498,Erlotinib,,,0.0360519945417917,0.037971995770931244,test
Loucy,Erlotinib,,,0.126722763442359,0.032295070588588715,test
DSH1,Erlotinib,,,0.0676128774186015,0.10878661274909973,test
LN-405,Erlotinib,,,0.0372783305977369,0.06157548725605011,test
KYSE-410,Erlotinib,,,0.139768181946511,0.06503593176603317,test
KM12,Erlotinib,,,0.113994160484336,0.04841100797057152,test
MZ-MEL-2,Erlotinib,,,,0.04316222295165062,test
U-118MG,Erlotinib,,,0.119465027465257,0.04062981903553009,test
SK-LU-1,Erlotinib,,,0.0144374728266127,0.015738416463136673,test
SW48,Erlotinib,,,0.268328116685686,0.04796146601438522,test
JVM-3,Erlotinib,,,0.0436716228376414,0.03426463156938553,test
SiMa,Erlotinib,,,0.0,0.07691437751054764,test
NCI-H209,Erlotinib,,,0.023677058920034,0.016251271590590477,test
ChaGo-K-1,Erlotinib,,,,0.031649939715862274,test
SK-LMS-1,Erlotinib,,,0.0,0.10541415214538574,test
AU565,Erlotinib,,,0.0822104060008212,0.05481107905507088,test
IST-SL2,Erlotinib,,,0.119476615754353,0.034249015152454376,test
AsPC-1,Erlotinib,,,0.043721247078965,0.0548943467438221,test
TE-15,Erlotinib,,,,0.2559615969657898,test
ES4,Erlotinib,,,0.148133713958744,0.012966006994247437,test
TT,Erlotinib,,,0.0546793713530746,0.016333509236574173,test
COLO 205,Erlotinib,,,0.0344152288339466,0.04884311184287071,test
TE-10,Erlotinib,,,,0.27722102403640747,test
HT-144,Erlotinib,,,0.0095970494401134,0.00885394960641861,test
SJNB-14,Erlotinib,,,0.0677168554420596,0.00029793567955493927,test
HOP-62,Erlotinib,,,0.0433444639744941,0.023464204743504524,test
NCI-H1395,Erlotinib,,,,0.1336899995803833,test
A-253,Erlotinib,,,0.0567319696361276,0.1565781533718109,test
HCC1954,Erlotinib,,,0.0585551282765103,0.12015394121408463,test
DMS 53,Erlotinib,,,0.0840319775069894,0.10165981948375702,test
MIA PaCa-2,Erlotinib,,,0.0201268815055295,0.010850087739527225,test
TCCSUP,Erlotinib,,,0.129091860971311,0.03153560310602188,test
GAK,Erlotinib,,,0.0550717888305092,0.007218268234282732,test
BEN,Erlotinib,,,,0.16058406233787537,test
DK-MG,Erlotinib,,,0.0878350486527208,0.03573315218091011,test
LB647-SCLC,Erlotinib,,,,0.01712324097752571,test
DoHH2,Erlotinib,,,,0.08918221294879913,test
GP5d,Erlotinib,,,0.12122190575726,0.04592923820018768,test
DoTc2 4510,Erlotinib,,,0.149679209935105,0.061389751732349396,test
KU-19-19,Erlotinib,,,0.0481506913499164,0.03379226103425026,test
NCI-H748,Erlotinib,,,,0.026814214885234833,test
NCI-H510A,Erlotinib,,,,0.0629466250538826,test
M059J,Erlotinib,,,0.101546819945072,0.03921465575695038,test
BHY,Erlotinib,,,,0.11221617460250854,test
SCC-9,Erlotinib,,,0.102543133028613,0.17760536074638367,test
TE-8,Erlotinib,,,0.130460736949492,0.1246403306722641,test
RT-112,Erlotinib,,,0.0817115290005434,0.03948342427611351,test
EW-24,Erlotinib,,,0.0039770424692694,0.009924340061843395,test
SK-N-DZ,Erlotinib,,,0.190877746783005,0.01099616289138794,test
IA-LM,Erlotinib,,,0.0,0.02038276381790638,test
RS4;11,Erlotinib,,,0.0737301228490779,0.05970081686973572,test
A-172,Erlotinib,,,0.0395475949424443,0.0017308611422777176,test
LP-1,Erlotinib,,,,0.020282907411456108,test
EFO-21,Erlotinib,,,0.0969341471121416,0.027144480496644974,test
MDA-MB-468,Erlotinib,,,0.108740338558122,0.13628241419792175,test
HO-1-N-1,Erlotinib,,,0.107349507388662,0.010304823517799377,test
EM-2,Erlotinib,,,0.0453624148928001,0.027197640389204025,test
TYK-nu,Erlotinib,,,0.142568600415575,0.0492946021258831,test
NCI-H1299,Erlotinib,,,0.003360132485238,0.04832623898983002,test
SK-MEL-3,Erlotinib,,,,0.0422925166785717,test
RCM-1 [Human rectum adenocarcinoma],Erlotinib,,,0.0764819096089081,0.05234900116920471,test
SJNB-10,Erlotinib,,,0.0245651813971402,0.10597628355026245,test
BxPC-3,Erlotinib,,,0.0563746041905324,0.1031094342470169,test
SW962,Erlotinib,,,,0.13857470452785492,test
IGROV-1,Erlotinib,,,0.268742637592148,0.05454576015472412,test
SiHa,Erlotinib,,,0.100299035011736,0.022252853959798813,test
EW-18,Erlotinib,,,0.0290715233180989,0.025624260306358337,test
MV4-11,Erlotinib,,,0.107636054788667,0.04226354509592056,test
SF126,Erlotinib,,,,0.021243054419755936,test
UACC-62,Erlotinib,,,0.0049190319731272,0.008596265688538551,test
CAL-54,Erlotinib,,,0.279145726458474,0.009501755237579346,test
Caov-4,Erlotinib,,,0.119977129986767,0.12943017482757568,test
SW954,Erlotinib,,,,0.05016481131315231,test
DB,Erlotinib,,,0.0612038872115278,0.07693246752023697,test
K5,Erlotinib,,,0.0533732380574563,0.037542857229709625,test
Evsa-T,Erlotinib,,,0.0849955346890464,0.027903929352760315,test
MOLT-16,Erlotinib,,,0.0280374095095509,0.02991131693124771,test
DG-75,Erlotinib,,,0.0057516163582952,0.03122066520154476,test
LK-2,Erlotinib,,,0.0442055731168206,0.05029395967721939,test
Capan-2,Erlotinib,,,0.0882788023444997,0.0816614031791687,test
RPMI-8402,Erlotinib,,,0.122914552817911,0.03091602772474289,test
COLO 320HSR,Erlotinib,,,0.0018039764489196,0.060397207736968994,test
KP-N-YS,Erlotinib,,,,0.15338066220283508,test
NCI-H23,Erlotinib,,,0.0538111842857605,0.010588064789772034,test
AM-38,Erlotinib,,,0.0096849709655602,0.06189360097050667,test
EFM-19,Erlotinib,,,0.0027004650868092,0.005638591479510069,test
LC4-1,Erlotinib,,,0.0472470709877311,0.03744875267148018,test
SNG-M,Erlotinib,,,0.0731774351510269,0.03002646379172802,test
SF268,Erlotinib,,,0.0926661417043351,0.09140390157699585,test
RPMI-8226,Erlotinib,,,0.0257653376591053,0.06922979652881622,test
LS123,Erlotinib,,,0.0642274820876216,0.09044227004051208,test
NCI-H358,Erlotinib,,,0.104499094059769,0.09260571002960205,test
CAL-27,Erlotinib,,,0.164004852490996,0.009952487424015999,test
MKN7,Erlotinib,,,0.128914335995254,0.2550460696220398,test
HN,Erlotinib,,,,0.035227540880441666,test
MFM-223,Erlotinib,,,0.0643079792256542,0.025622345507144928,test
SHP-77,Erlotinib,,,0.0519881491650187,0.028514305129647255,test
NCI-H2170,Erlotinib,,,0.171830451523502,0.0878434032201767,test
COLO 678,Erlotinib,,,0.131240584265093,0.013360901735723019,test
HL-60,Erlotinib,,,0.0071142786513688,0.04082790017127991,test
BC-3,Erlotinib,,,,0.032073795795440674,test
HCC1569,Erlotinib,,,,0.01585739105939865,test
CHL-1,Erlotinib,,,0.0654932276051647,0.08764694631099701,test
DOK,Erlotinib,,,0.352487709036072,0.050801120698451996,test
COR-L23,Erlotinib,,,0.127037293904741,0.03605848550796509,test
NCI-H727,Erlotinib,,,0.018500195588399,0.0130653390660882,test
TE-6,Erlotinib,,,0.24535955249507,0.12446308881044388,test
CAL-85-1,Erlotinib,,,0.010184268776168,0.3301578164100647,test
Jiyoye,Erlotinib,,,0.231501342822903,0.10767870396375656,test
NCI-H82,Erlotinib,,,0.0375500055757935,0.009401187300682068,test
Lu-65,Erlotinib,,,0.0421422664636563,0.0645013079047203,test
KNS-42,Erlotinib,,,,0.1000949963927269,test
CAL-33,Erlotinib,,,0.147200557554402,0.02141033485531807,test
CAS-1,Erlotinib,,,0.0226474145819871,0.03554762154817581,test
EW-22,Erlotinib,,,0.0334673771211867,0.0421297550201416,test
KG-1,Erlotinib,,,0.0270534998975233,0.027295812964439392,test
KYSE-450,Erlotinib,,,0.249714247870949,0.11159799993038177,test
LB2241-RCC,Erlotinib,,,,0.007729521952569485,test
SK-UT-1,Erlotinib,,,0.0049614611243296,0.03132292628288269,test
697,Erlotinib,,,0.0723215091879512,0.042953409254550934,test
NCI-H2171,Erlotinib,,,,0.00269554415717721,test
NALM-6,Erlotinib,,,0.0445844307172418,0.0384712815284729,test
H4,Erlotinib,,,0.06207311917361,0.026691105216741562,test
SN12C,Erlotinib,,,0.0911603338791572,0.0404464453458786,test
SW626,Erlotinib,,,0.046228787222091,0.05702539160847664,test
TALL-1 [Human adult T-ALL],Erlotinib,,,,0.037648946046829224,test
NCI-H1650,Erlotinib,,,0.241513676497569,0.03048960119485855,test
SF539,Erlotinib,,,0.107097156485175,0.024980736896395683,test
D-392MG,Erlotinib,,,0.057823574535457,0.04571041837334633,test
SNU-1,Erlotinib,,,0.145823211487494,0.03955746442079544,test
SW684,Erlotinib,,,0.0549753282567146,0.12195000052452087,test
BV-173,Erlotinib,,,0.027744125820815,0.047463543713092804,test
8505C,Erlotinib,,,0.092085275399657,0.013298653066158295,test
NCI-H1437,Erlotinib,,,,0.05318514257669449,test
NCI-H2122,Erlotinib,,,0.185106769237845,0.05320243537425995,test
BALL-1,Erlotinib,,,0.0322397955605544,0.042006660252809525,test
8-MG-BA,Erlotinib,,,0.07098349805725,0.05751912668347359,test
H9,Erlotinib,,,0.0373218963147581,0.020738422870635986,test
LB996-RCC,Erlotinib,,,0.244483749101784,0.03891647234559059,test
NCI-H441,Erlotinib,,,0.148940303053976,0.01814187318086624,test
MHH-CALL-2,Erlotinib,,,0.0751423697545903,0.060368187725543976,test
U-251MG,Erlotinib,,,0.112490998886677,0.022005844861268997,test
SJNB-7,Erlotinib,,,0.0624351476199665,0.04897744208574295,test
NCI-H1563,Erlotinib,,,0.14221529944924,0.08010803163051605,test
CAL-62,Erlotinib,,,0.0704291085745773,0.03175484761595726,test
C-33 A,Erlotinib,,,0.0934427645635586,0.04879435896873474,test
RMG-I,Erlotinib,,,0.225365857533737,0.020716868340969086,test
NCI-H1048,Erlotinib,,,0.0682661724522308,0.04593302309513092,test
HuO9,Erlotinib,,,0.0167085460008972,0.03454706817865372,test
NCI-H1963,Erlotinib,,,0.009679338851408,0.03184286504983902,test
SK-MM-2,Erlotinib,,,0.0,0.031116820871829987,test
LoVo,Erlotinib,,,0.150013398998124,0.04482952132821083,test
SW1116,Erlotinib,,,0.104329627400967,0.002311176620423794,test
CAL-120,Erlotinib,,,0.0827137544045422,0.02858065441250801,test
SW982,Erlotinib,,,0.0795567448009129,0.07863438874483109,test
HSC-3,Erlotinib,,,0.134505306477629,0.08462796360254288,test
SK-N-FI,Erlotinib,,,0.0525931882768546,0.010710325092077255,test
NCI-H526,Erlotinib,,,0.0224022813119422,0.15458416938781738,test
ML-2,Erlotinib,,,0.0,0.042132776230573654,test
SW620,Erlotinib,,,0.0216219464265912,0.02284155786037445,test
UACC-257,Erlotinib,,,0.0959194197770232,0.018524732440710068,test
CAL-148,Erlotinib,,,0.0795734750613511,0.048074010759592056,test
HCE-4,Erlotinib,,,,0.09629303961992264,test
HGC-27,Erlotinib,,,0.100834704079118,0.005617918446660042,test
ABC-1,Erlotinib,,,,0.07489483058452606,test
SUP-T1,Erlotinib,,,0.0627601258027626,0.020048027858138084,test
NCI-H522,Erlotinib,,,0.0329517388870634,0.07000215351581573,test
OVCAR-8,Erlotinib,,,0.0617973859608571,0.021529078483581543,test
HDLM-2,Erlotinib,,,0.149176430949222,0.05537124350667,test
H-EMC-SS,Erlotinib,,,0.0168334848716047,0.041176311671733856,test
UO-31,Erlotinib,,,,0.03617820888757706,test
Calu-6,Erlotinib,,,0.0722255998610351,0.02204861119389534,test
ACHN,Erlotinib,,,0.242758493301892,0.02385985106229782,test
HAL-01,Erlotinib,,,0.0115378275470124,0.04413580894470215,test
Lu-139,Erlotinib,,,,0.068275585770607,test
CHP-212,Erlotinib,,,0.046777617733772,0.017826715484261513,test
NKM-1,Erlotinib,,,0.0506030301986578,0.05722234398126602,test
D-502MG,Erlotinib,,,,0.040415361523628235,test
CA46,Erlotinib,,,0.060209392888273,0.0178619846701622,test
P30/OHK,Erlotinib,,,0.153037674252343,0.04874878376722336,test
YAPC,Erlotinib,,,0.0328340635477832,0.10659558326005936,test
MFE-280,Erlotinib,,,0.0,0.14949697256088257,test
HT-55,Erlotinib,,,0.137791622514903,0.020879020914435387,test
SU-DHL-1,Erlotinib,,,,0.11765381693840027,test
NCI-H2196,Erlotinib,,,,0.018078647553920746,test
NCI-H446,Erlotinib,,,0.0792726947984858,0.10577566921710968,test
639V,Erlotinib,,,0.113401886226925,0.12222880870103836,test
KP-4,Erlotinib,,,0.0553098882841773,0.02587311528623104,test
SK-HEP-1,Erlotinib,,,0.132263394894991,0.032956793904304504,test
KGN,Erlotinib,,,0.0599764516483662,0.04188718646764755,test
ES5,Erlotinib,,,,0.03783863037824631,test
SK-MEL-1,Erlotinib,,,0.0,0.037544239312410355,test
KYSE-520,Erlotinib,,,0.294400524066998,0.12297472357749939,test
L-428,Erlotinib,,,0.14828163795543,0.04462689161300659,test
Ramos.2G6.4C10,Erlotinib,,,0.0370244930004005,0.03564249724149704,test
OMC-1 [Human cervical carcinoma],Erlotinib,,,,0.03330576419830322,test
A-388,Erlotinib,,,,0.00445942860096693,test
OVCAR-3,Erlotinib,,,0.13193620416725,0.06510376930236816,test
LCLC-103H,Erlotinib,,,0.0,0.04120999947190285,test
HCC1395,Erlotinib,,,0.086298577111973,0.2563287019729614,test
GR-ST,Erlotinib,,,0.0509430826487241,0.0134373027831316,test
T24,Erlotinib,,,,0.03650694340467453,test
NCI-H1092,Erlotinib,,,0.0467967568730553,0.12844686210155487,test
NCI-H747,Erlotinib,,,0.210227900756041,0.09071716666221619,test
NCI-H2087,Erlotinib,,,0.052555593518512,0.37865912914276123,test
UMC-11,Erlotinib,,,0.208980109194481,0.013346469029784203,test
CTV-1,Erlotinib,,,0.0285527954314114,0.03009513020515442,test
HD-MY-Z,Erlotinib,,,0.0196507805081226,0.016262061893939972,test
LCLC-97TM1,Erlotinib,,,0.0013339044742636,0.09381675720214844,test
MS-1 [Human lung carcinoma],Erlotinib,,,0.0,0.019987966865301132,test
SW1088,Erlotinib,,,0.110024121337932,0.014007764868438244,test
SAS,Erlotinib,,,0.135960299193435,0.057375188916921616,test
MLMA,Erlotinib,,,0.0499452106833892,0.08342738449573517,test
TE-5,Erlotinib,,,0.0574097299569007,0.1126118078827858,test
NCI-H2291,Erlotinib,,,,0.01595035195350647,test
MOLT-4,Erlotinib,,,0.0657527879266316,0.011903940699994564,test
SW1463,Erlotinib,,,0.148997158031401,0.06965869665145874,test
BHT-101,Erlotinib,,,0.0765781940412945,0.022004390135407448,test
DU145,Erlotinib,,,0.0504256442011685,0.1544855386018753,test
NOMO-1,Erlotinib,,,0.0052043625154754,0.045261677354574203,test
PA-1,Erlotinib,,,0.126645238104914,0.04485505074262619,test
MDA-MB-415,Erlotinib,,,0.0761312973174855,0.0792345404624939,test
NCI-H2009,Erlotinib,,,0.0468892901794345,0.03175649791955948,test
5637,Erlotinib,,,0.169288575879552,0.08171292394399643,test
Lu-99A,Erlotinib,,,0.0817337449158928,0.01510775089263916,test
SF295,Erlotinib,,,,0.041146669536828995,test
NCI-H650,Erlotinib,,,0.0,0.10032662004232407,test
WM115,Erlotinib,,,0.0167166059141056,0.028496094048023224,test
CCRF-CEM,Erlotinib,,,0.0223111097402942,0.03595118224620819,test
CAL-12T,Erlotinib,,,,0.3387050926685333,test
HCC1187,Erlotinib,,,0.0269968794253393,0.04483141005039215,test
NCI-H2347,Erlotinib,,,0.0173000089802618,0.03594677150249481,test
HuP-T4,Erlotinib,,,0.182728249095992,0.06091609597206116,test
NCI-H630,Erlotinib,,,,0.07373276352882385,test
Daudi,Erlotinib,,,0.041234282410828,0.06963318586349487,test
SW1710,Erlotinib,,,0.071891126053978,0.047280773520469666,test
D-247MG,Erlotinib,,,,0.08690950274467468,test
IST-SL1,Erlotinib,,,,0.08404518663883209,test
D-263MG,Erlotinib,,,0.0430792520514913,0.051814984530210495,test
Raji,Erlotinib,,,0.0733339353722573,0.03893238306045532,test
RXF 393L,Erlotinib,,,,0.18548695743083954,test
BT-549,Erlotinib,,,0.00242119823243,0.028799647465348244,test
RT-4,Erlotinib,,,0.109424689460692,0.12152937054634094,test
B-CPAP,Erlotinib,,,0.122902705309522,0.030792120844125748,test
NCI-H1651,Erlotinib,,,0.035106760337805,0.06496378779411316,test
SJNB-6,Erlotinib,,,,0.0053909593261778355,test
NCI-H2452,Erlotinib,,,0.0656169240414553,0.08192821592092514,test
Ca Ski,Erlotinib,,,0.171508172085414,0.08919066190719604,test
KMOE-2,Erlotinib,,,0.020199738441836,0.06974546611309052,test
DMS 114,Erlotinib,,,0.0603905594952663,0.01004873774945736,test
K-562,Erlotinib,,,0.0101872019555111,0.030846096575260162,test
Rh1,Erlotinib,,,0.164602790314206,0.011556769721210003,test
PC-14,Erlotinib,,,0.452159505723895,0.1946139931678772,test
SW948,Erlotinib,,,0.0246399619175591,0.031524285674095154,test
OC 314,Erlotinib,,,0.0663229071364073,0.020353276282548904,test
MMAc-SF,Erlotinib,,,,0.05095616728067398,test
A4/Fukuda,Erlotinib,,,0.0247666766921647,0.017974238842725754,test
OCUB-M,Erlotinib,,,0.082785767395351,0.01573692075908184,test
SKG-IIIa,Erlotinib,,,0.0655967582819898,0.02046758309006691,test
SH-4,Erlotinib,,,0.0228226535279997,0.019655868411064148,test
MSTO-211H,Erlotinib,,,0.155385863386736,0.02089257538318634,test
COLO 668,Erlotinib,,,0.0790778537501245,0.05269782617688179,test
NCI-H322M,Erlotinib,,,0.315994314870883,0.3516865074634552,test
NCI-H345,Erlotinib,,,,0.1697884500026703,test
ARH-77,Erlotinib,,,0.0,0.026980292052030563,test
NCI-H2141,Erlotinib,,,0.0769405675517457,0.1217229813337326,test
KP-N-RT-BM-1,Erlotinib,,,,0.03623669967055321,test
HOS,Erlotinib,,,0.0640453987890814,0.3166360855102539,test
SK-MEL-28,Erlotinib,,,,0.04254569485783577,test
NCI-H128,Erlotinib,,,,0.03937263786792755,test
HSC-4,Erlotinib,,,0.184392032832647,0.09711746871471405,test
PSN1,Erlotinib,,,0.0950952740174571,0.0366240069270134,test
KNS-62,Erlotinib,,,0.0481804125050365,0.045845434069633484,test
MEG-01,Erlotinib,,,0.0448055119491091,0.011440416797995567,test
DMS 273,Erlotinib,,,0.102115627919852,0.005907069891691208,test
SNB-75,Erlotinib,,,,0.04509966820478439,test
D-542MG,Erlotinib,,,,0.11310993134975433,test
KALS-1,Erlotinib,,,0.0632975022632326,0.05529651790857315,test
HCT 116,Erlotinib,,,0.0129015220458851,0.03157814219594002,test
D-423MG,Erlotinib,,,,0.0452432781457901,test
SK-NEP-1,Erlotinib,,,,0.024749089032411575,test
COLO 680N,Erlotinib,,,0.0566319333500966,0.20738908648490906,test
BE-13,Erlotinib,,,0.147781534990873,0.05553711950778961,test
L-363,Erlotinib,,,0.050039350294266,0.022414997220039368,test
NOS-1 [Human osteosarcoma],Erlotinib,,,0.0614490277665353,0.025962049141526222,test
A3/Kawakami,Erlotinib,,,0.0884623587956531,0.048161715269088745,test
THP-1,Erlotinib,,,,0.06154365837574005,test
TE-1,Erlotinib,,,0.24495911814687,0.011640781536698341,test
SK-MES-1,Erlotinib,,,0.140849325784196,0.01940288208425045,test
HCC2998,Erlotinib,,,0.0757791095168724,0.03623341768980026,test
SK-MEL-2,Erlotinib,,,0.0,0.015493009239435196,test
P31/FUJ,Erlotinib,,,0.0874294536498871,0.028415177017450333,test
SNU-5,Erlotinib,,,0.018421108098326,0.07211928069591522,test
NCI-H187,Erlotinib,,,,0.1711229383945465,test
NCI-H1734,Erlotinib,,,,0.05183408781886101,test
SK-N-AS,Erlotinib,,,0.0344715462871217,0.016696173697710037,test
VM-CUB-1,Erlotinib,,,0.0391537232636123,0.09683991968631744,test
HT-3,Erlotinib,,,0.0872812627694755,0.10588280856609344,test
SK-MEL-5,Erlotinib,,,,-6.358488462865353e-06,test
A-673,Erlotinib,,,0.055179000489131,0.02149992808699608,test
MG-63,Erlotinib,,,0.0421876668057372,0.05125594511628151,test
NCI-H1304,Erlotinib,,,,0.05218859389424324,test
OVCAR-5,Erlotinib,,,0.0582889736499988,0.0881451666355133,test
HEC-1,Erlotinib,,,0.0870761859380532,0.039463866502046585,test
MZ-MEL-7,Erlotinib,,,,0.026048269122838974,test
MZ-PC-1,Erlotinib,,,,0.0753481313586235,test
HEL,Erlotinib,,,,0.020702321082353592,test
ES7,Erlotinib,,,0.0459226900447545,0.08915574848651886,test
ME-180,Erlotinib,,,0.161125922555766,0.08094078302383423,test
CFPAC-1,Erlotinib,,,0.196809542988945,0.026079565286636353,test
MFE-296,Erlotinib,,,0.0914554608632348,0.030665645375847816,test
NCI-H661,Erlotinib,,,0.0183791567222997,0.013395391404628754,test
Panc 08.13,Erlotinib,,,0.108378858569174,0.22563990950584412,test
FaDu,Erlotinib,,,0.0919298555133749,0.06189113110303879,test
KYSE-510,Erlotinib,,,,0.030022669583559036,test
HuCC-T1,Erlotinib,,,0.15750441624725,0.10482855141162872,test
ETK-1,Erlotinib,,,0.0962274073123258,0.08509929478168488,test
NCI-H378,Erlotinib,,,,0.016990501433610916,test
KYSE-180,Erlotinib,,,0.119754944709697,0.2482852041721344,test
Karpas-45,Erlotinib,,,0.0755587520322391,0.029284732416272163,test
NCI-H2052,Erlotinib,,,0.0973333751484498,0.07723399996757507,test
CAL-72,Erlotinib,,,0.025858262894416,0.04257117584347725,test
A-431,Erlotinib,,,,0.09568208456039429,test
Hep-G2/C3A,Erlotinib,,,0.0412973085442558,0.015203582122921944,test
SK-CO-1,Erlotinib,,,0.0924104278455634,0.15609988570213318,test
EW-11,Erlotinib,,,0.0166032356760586,0.16536357998847961,test
HCC1143,Erlotinib,,,0.108284855361742,0.11517050117254257,test
WSU-NHL,Erlotinib,,,0.0,0.009794839657843113,test
BB30-HNC,Erlotinib,,,,0.01809803768992424,test
COLO 679,Erlotinib,,,0.0292994676928096,0.008463453501462936,test
GOTO,Erlotinib,,,0.0377601605871457,0.011568177491426468,test
OE19,Erlotinib,,,0.0142240736676229,0.03599219024181366,test
HT,Erlotinib,,,,0.03634107857942581,test
HH [Human lymphoma],Erlotinib,,,0.0,0.04748816043138504,test
NCI-H292,Erlotinib,,,,0.027711961418390274,test
Lu-135,Erlotinib,,,0.0,0.007532992400228977,test
GaMG,Erlotinib,,,0.0,0.038096148520708084,test
LXF 289,Erlotinib,,,0.104198091853069,0.08759014308452606,test
HCC70,Erlotinib,,,0.0858751509327831,0.09665558487176895,test
NUGC-3,Erlotinib,,,0.23977326447954,0.21266308426856995,test
GMS-10,Erlotinib,,,,0.058493226766586304,test
HT-29,Erlotinib,,,0.049706488152891,0.02312968112528324,test
GT3TKB,Erlotinib,,,,0.11140108853578568,test
HT-1376,Erlotinib,,,0.163329504266335,0.1017531156539917,test
CGTH-W-1,Erlotinib,,,0.0294210175555731,0.02802811749279499,test
DEL,Erlotinib,,,0.170371407336351,0.05637985095381737,test
HCC2218,Erlotinib,,,,0.10095696896314621,test
IGR-1,Erlotinib,,,0.0285604503652354,0.02390148863196373,test
NCI-H1573,Erlotinib,,,0.192579755266309,0.0529371052980423,test
NCI-H1975,Erlotinib,,,0.134087101785305,0.03377516567707062,test
NMC-G1,Erlotinib,,,,0.02551773190498352,test
IST-MEL1,Erlotinib,,,0.0033780002246665,0.05132611095905304,test
Panc 03.27,Erlotinib,,,0.108148180686502,0.061862386763095856,test
YH-13,Erlotinib,,,0.108330519226621,0.09858407825231552,test
A101D,Erlotinib,,,0.104497988900457,0.007653083186596632,test
CP67-MEL,Erlotinib,,,,0.012152185663580894,test
Detroit 562,Erlotinib,,,0.113055729704239,0.1097283661365509,test
GCT,Erlotinib,,,0.0222649226482903,0.026906723156571388,test
KO52,Erlotinib,,,,0.04832497984170914,test
NCI-H1793,Erlotinib,,,0.112680288547275,0.08106839656829834,test
CAMA-1,Erlotinib,,,0.0246328130540226,0.018484190106391907,test
BB65-RCC,Erlotinib,,,,0.01977132074534893,test
NCI-H1417,Erlotinib,,,0.0745471037139519,0.12136624753475189,test
NCI-H1436,Erlotinib,,,,0.008339553140103817,test
A-549,Erlotinib,,,0.0935847359989765,0.04068120941519737,test
ES3,Erlotinib,,,,0.03484722599387169,test
MDA-MB-361,Erlotinib,,,0.104883135451205,0.1176476776599884,test
LOX-IMVI,Erlotinib,,,0.120280559181888,0.04580467939376831,test
Daoy,Erlotinib,,,0.0687042999930195,0.039202913641929626,test
NCI-H1693,Erlotinib,,,0.197934987445167,0.21385043859481812,test
LB771-HNC,Erlotinib,,,0.093266772649973,0.07538361847400665,test
CW-2,Erlotinib,,,0.0574953424817218,0.039231643080711365,test
NCI-H2030,Erlotinib,,,,0.06171993166208267,test
ST486,Erlotinib,,,0.0547454358938863,0.02868172526359558,test
Ca9-22,Erlotinib,,,0.204540945326937,0.26499468088150024,test
Onda 10,Erlotinib,,,,0.07012578099966049,test
LS1034,Erlotinib,,,0.0831244749134112,0.05927583575248718,test
EKVX,Erlotinib,,,,0.06514480710029602,test
